SubID,Order,Gender,AgeMonths,AgeYears,Exclude,ExcludeReason,Block,TrialNumber,SelectProportion
PM101,NumFirst,F,58,4,0,NA,Cont,T1,1
PM101,NumFirst,F,58,4,0,NA,Cont,T2,1
PM101,NumFirst,F,58,4,0,NA,Cont,T3,1
PM101,NumFirst,F,58,4,0,NA,Cont,T4,1
PM101,NumFirst,F,58,4,0,NA,Cont,T5,1
PM101,NumFirst,F,58,4,0,NA,Cont,T6,1
PM101,NumFirst,F,58,4,0,NA,Cont,T7,1
PM101,NumFirst,F,58,4,0,NA,Cont,T8,1
PM101,NumFirst,F,58,4,0,NA,Num,T1,1
PM101,NumFirst,F,58,4,0,NA,Num,T2,1
PM101,NumFirst,F,58,4,0,NA,Num,T3,1
PM101,NumFirst,F,58,4,0,NA,Num,T4,1
PM101,NumFirst,F,58,4,0,NA,Num,T5,1
PM101,NumFirst,F,58,4,0,NA,Num,T6,1
PM101,NumFirst,F,58,4,0,NA,Num,T7,1
PM101,NumFirst,F,58,4,0,NA,Num,T8,1
PM102,ContFirst,M,55,4,0,NA,Cont,T1,0
PM102,ContFirst,M,55,4,0,NA,Cont,T2,1
PM102,ContFirst,M,55,4,0,NA,Cont,T3,1
PM102,ContFirst,M,55,4,0,NA,Cont,T4,1
PM102,ContFirst,M,55,4,0,NA,Cont,T5,1
PM102,ContFirst,M,55,4,0,NA,Cont,T6,1
PM102,ContFirst,M,55,4,0,NA,Cont,T7,1
PM102,ContFirst,M,55,4,0,NA,Cont,T8,1
PM102,ContFirst,M,55,4,0,NA,Num,T1,0
PM102,ContFirst,M,55,4,0,NA,Num,T2,0
PM102,ContFirst,M,55,4,0,NA,Num,T3,0
PM102,ContFirst,M,55,4,0,NA,Num,T4,1
PM102,ContFirst,M,55,4,0,NA,Num,T5,0
PM102,ContFirst,M,55,4,0,NA,Num,T6,0
PM102,ContFirst,M,55,4,0,NA,Num,T7,0
PM102,ContFirst,M,55,4,0,NA,Num,T8,0
PM103,NumFirst,M,55,4,0,NA,Cont,T1,0
PM103,NumFirst,M,55,4,0,NA,Cont,T2,0
PM103,NumFirst,M,55,4,0,NA,Cont,T3,0
PM103,NumFirst,M,55,4,0,NA,Cont,T4,0
PM103,NumFirst,M,55,4,0,NA,Cont,T5,0
PM103,NumFirst,M,55,4,0,NA,Cont,T6,0
PM103,NumFirst,M,55,4,0,NA,Cont,T7,0
PM103,NumFirst,M,55,4,0,NA,Cont,T8,0
PM103,NumFirst,M,55,4,0,NA,Num,T1,0
PM103,NumFirst,M,55,4,0,NA,Num,T2,0
PM103,NumFirst,M,55,4,0,NA,Num,T3,0
PM103,NumFirst,M,55,4,0,NA,Num,T4,0
PM103,NumFirst,M,55,4,0,NA,Num,T5,0
PM103,NumFirst,M,55,4,0,NA,Num,T6,0
PM103,NumFirst,M,55,4,0,NA,Num,T7,0
PM103,NumFirst,M,55,4,0,NA,Num,T8,0
PM104,NumFirst,F,81,6,0,NA,Cont,T1,0
PM104,NumFirst,F,81,6,0,NA,Cont,T2,0
PM104,NumFirst,F,81,6,0,NA,Cont,T3,0
PM104,NumFirst,F,81,6,0,NA,Cont,T4,0
PM104,NumFirst,F,81,6,0,NA,Cont,T5,0
PM104,NumFirst,F,81,6,0,NA,Cont,T6,0
PM104,NumFirst,F,81,6,0,NA,Cont,T7,0
PM104,NumFirst,F,81,6,0,NA,Cont,T8,0
PM104,NumFirst,F,81,6,0,NA,Num,T1,0
PM104,NumFirst,F,81,6,0,NA,Num,T2,0
PM104,NumFirst,F,81,6,0,NA,Num,T3,0
PM104,NumFirst,F,81,6,0,NA,Num,T4,0
PM104,NumFirst,F,81,6,0,NA,Num,T5,0
PM104,NumFirst,F,81,6,0,NA,Num,T6,0
PM104,NumFirst,F,81,6,0,NA,Num,T7,0
PM104,NumFirst,F,81,6,0,NA,Num,T8,0
PM105,ContFirst,F,55,4,0,NA,Cont,T1,0
PM105,ContFirst,F,55,4,0,NA,Cont,T2,0
PM105,ContFirst,F,55,4,0,NA,Cont,T3,0
PM105,ContFirst,F,55,4,0,NA,Cont,T4,0
PM105,ContFirst,F,55,4,0,NA,Cont,T5,0
PM105,ContFirst,F,55,4,0,NA,Cont,T6,0
PM105,ContFirst,F,55,4,0,NA,Cont,T7,0
PM105,ContFirst,F,55,4,0,NA,Cont,T8,0
PM105,ContFirst,F,55,4,0,NA,Num,T1,0
PM105,ContFirst,F,55,4,0,NA,Num,T2,0
PM105,ContFirst,F,55,4,0,NA,Num,T3,0
PM105,ContFirst,F,55,4,0,NA,Num,T4,0
PM105,ContFirst,F,55,4,0,NA,Num,T5,0
PM105,ContFirst,F,55,4,0,NA,Num,T6,0
PM105,ContFirst,F,55,4,0,NA,Num,T7,0
PM105,ContFirst,F,55,4,0,NA,Num,T8,0
PM106,ContFirst,F,51,4,0,NA,Cont,T1,1
PM106,ContFirst,F,51,4,0,NA,Cont,T2,1
PM106,ContFirst,F,51,4,0,NA,Cont,T3,1
PM106,ContFirst,F,51,4,0,NA,Cont,T4,1
PM106,ContFirst,F,51,4,0,NA,Cont,T5,1
PM106,ContFirst,F,51,4,0,NA,Cont,T6,1
PM106,ContFirst,F,51,4,0,NA,Cont,T7,1
PM106,ContFirst,F,51,4,0,NA,Cont,T8,1
PM106,ContFirst,F,51,4,0,NA,Num,T1,1
PM106,ContFirst,F,51,4,0,NA,Num,T2,1
PM106,ContFirst,F,51,4,0,NA,Num,T3,1
PM106,ContFirst,F,51,4,0,NA,Num,T4,1
PM106,ContFirst,F,51,4,0,NA,Num,T5,1
PM106,ContFirst,F,51,4,0,NA,Num,T6,1
PM106,ContFirst,F,51,4,0,NA,Num,T7,1
PM106,ContFirst,F,51,4,0,NA,Num,T8,1
PM107,NumFirst,M,66,5,0,NA,Cont,T1,1
PM107,NumFirst,M,66,5,0,NA,Cont,T2,1
PM107,NumFirst,M,66,5,0,NA,Cont,T3,1
PM107,NumFirst,M,66,5,0,NA,Cont,T4,1
PM107,NumFirst,M,66,5,0,NA,Cont,T5,1
PM107,NumFirst,M,66,5,0,NA,Cont,T6,1
PM107,NumFirst,M,66,5,0,NA,Cont,T7,0
PM107,NumFirst,M,66,5,0,NA,Cont,T8,1
PM107,NumFirst,M,66,5,0,NA,Num,T1,1
PM107,NumFirst,M,66,5,0,NA,Num,T2,0
PM107,NumFirst,M,66,5,0,NA,Num,T3,0
PM107,NumFirst,M,66,5,0,NA,Num,T4,1
PM107,NumFirst,M,66,5,0,NA,Num,T5,1
PM107,NumFirst,M,66,5,0,NA,Num,T6,1
PM107,NumFirst,M,66,5,0,NA,Num,T7,1
PM107,NumFirst,M,66,5,0,NA,Num,T8,1
PM108,ContFirst,M,69,5,0,NA,Cont,T1,0
PM108,ContFirst,M,69,5,0,NA,Cont,T2,1
PM108,ContFirst,M,69,5,0,NA,Cont,T3,0
PM108,ContFirst,M,69,5,0,NA,Cont,T4,1
PM108,ContFirst,M,69,5,0,NA,Cont,T5,0
PM108,ContFirst,M,69,5,0,NA,Cont,T6,0
PM108,ContFirst,M,69,5,0,NA,Cont,T7,0
PM108,ContFirst,M,69,5,0,NA,Cont,T8,0
PM108,ContFirst,M,69,5,0,NA,Num,T1,0
PM108,ContFirst,M,69,5,0,NA,Num,T2,0
PM108,ContFirst,M,69,5,0,NA,Num,T3,1
PM108,ContFirst,M,69,5,0,NA,Num,T4,1
PM108,ContFirst,M,69,5,0,NA,Num,T5,1
PM108,ContFirst,M,69,5,0,NA,Num,T6,1
PM108,ContFirst,M,69,5,0,NA,Num,T7,1
PM108,ContFirst,M,69,5,0,NA,Num,T8,0
PM109,ContFirst,F,71,5,0,NA,Cont,T1,1
PM109,ContFirst,F,71,5,0,NA,Cont,T2,0
PM109,ContFirst,F,71,5,0,NA,Cont,T3,0
PM109,ContFirst,F,71,5,0,NA,Cont,T4,1
PM109,ContFirst,F,71,5,0,NA,Cont,T5,1
PM109,ContFirst,F,71,5,0,NA,Cont,T6,0
PM109,ContFirst,F,71,5,0,NA,Cont,T7,0
PM109,ContFirst,F,71,5,0,NA,Cont,T8,0
PM109,ContFirst,F,71,5,0,NA,Num,T1,1
PM109,ContFirst,F,71,5,0,NA,Num,T2,1
PM109,ContFirst,F,71,5,0,NA,Num,T3,1
PM109,ContFirst,F,71,5,0,NA,Num,T4,1
PM109,ContFirst,F,71,5,0,NA,Num,T5,1
PM109,ContFirst,F,71,5,0,NA,Num,T6,1
PM109,ContFirst,F,71,5,0,NA,Num,T7,0
PM109,ContFirst,F,71,5,0,NA,Num,T8,1
PM110,NumFirst,M,69,5,0,NA,Cont,T1,1
PM110,NumFirst,M,69,5,0,NA,Cont,T2,1
PM110,NumFirst,M,69,5,0,NA,Cont,T3,1
PM110,NumFirst,M,69,5,0,NA,Cont,T4,1
PM110,NumFirst,M,69,5,0,NA,Cont,T5,1
PM110,NumFirst,M,69,5,0,NA,Cont,T6,1
PM110,NumFirst,M,69,5,0,NA,Cont,T7,1
PM110,NumFirst,M,69,5,0,NA,Cont,T8,1
PM110,NumFirst,M,69,5,0,NA,Num,T1,0
PM110,NumFirst,M,69,5,0,NA,Num,T2,1
PM110,NumFirst,M,69,5,0,NA,Num,T3,1
PM110,NumFirst,M,69,5,0,NA,Num,T4,1
PM110,NumFirst,M,69,5,0,NA,Num,T5,1
PM110,NumFirst,M,69,5,0,NA,Num,T6,1
PM110,NumFirst,M,69,5,0,NA,Num,T7,1
PM110,NumFirst,M,69,5,0,NA,Num,T8,1
PM111,NumFirst,F,51,4,0,NA,Cont,T1,0
PM111,NumFirst,F,51,4,0,NA,Cont,T2,0
PM111,NumFirst,F,51,4,0,NA,Cont,T3,0
PM111,NumFirst,F,51,4,0,NA,Cont,T4,0
PM111,NumFirst,F,51,4,0,NA,Cont,T5,0
PM111,NumFirst,F,51,4,0,NA,Cont,T6,0
PM111,NumFirst,F,51,4,0,NA,Cont,T7,0
PM111,NumFirst,F,51,4,0,NA,Cont,T8,0
PM111,NumFirst,F,51,4,0,NA,Num,T1,1
PM111,NumFirst,F,51,4,0,NA,Num,T2,0
PM111,NumFirst,F,51,4,0,NA,Num,T3,0
PM111,NumFirst,F,51,4,0,NA,Num,T4,0
PM111,NumFirst,F,51,4,0,NA,Num,T5,0
PM111,NumFirst,F,51,4,0,NA,Num,T6,0
PM111,NumFirst,F,51,4,0,NA,Num,T7,0
PM111,NumFirst,F,51,4,0,NA,Num,T8,0
PM112,NumFirst,F,61,5,0,NA,Cont,T1,1
PM112,NumFirst,F,61,5,0,NA,Cont,T2,0
PM112,NumFirst,F,61,5,0,NA,Cont,T3,1
PM112,NumFirst,F,61,5,0,NA,Cont,T4,1
PM112,NumFirst,F,61,5,0,NA,Cont,T5,1
PM112,NumFirst,F,61,5,0,NA,Cont,T6,0
PM112,NumFirst,F,61,5,0,NA,Cont,T7,0
PM112,NumFirst,F,61,5,0,NA,Cont,T8,0
PM112,NumFirst,F,61,5,0,NA,Num,T1,1
PM112,NumFirst,F,61,5,0,NA,Num,T2,0
PM112,NumFirst,F,61,5,0,NA,Num,T3,1
PM112,NumFirst,F,61,5,0,NA,Num,T4,0
PM112,NumFirst,F,61,5,0,NA,Num,T5,0
PM112,NumFirst,F,61,5,0,NA,Num,T6,1
PM112,NumFirst,F,61,5,0,NA,Num,T7,0
PM112,NumFirst,F,61,5,0,NA,Num,T8,1
PM113,ContFirst,M,68,5,0,NA,Cont,T1,1
PM113,ContFirst,M,68,5,0,NA,Cont,T2,1
PM113,ContFirst,M,68,5,0,NA,Cont,T3,0
PM113,ContFirst,M,68,5,0,NA,Cont,T4,0
PM113,ContFirst,M,68,5,0,NA,Cont,T5,1
PM113,ContFirst,M,68,5,0,NA,Cont,T6,1
PM113,ContFirst,M,68,5,0,NA,Cont,T7,0
PM113,ContFirst,M,68,5,0,NA,Cont,T8,0
PM113,ContFirst,M,68,5,0,NA,Num,T1,0
PM113,ContFirst,M,68,5,0,NA,Num,T2,0
PM113,ContFirst,M,68,5,0,NA,Num,T3,0
PM113,ContFirst,M,68,5,0,NA,Num,T4,0
PM113,ContFirst,M,68,5,0,NA,Num,T5,0
PM113,ContFirst,M,68,5,0,NA,Num,T6,0
PM113,ContFirst,M,68,5,0,NA,Num,T7,0
PM113,ContFirst,M,68,5,0,NA,Num,T8,0
PM114,NumFirst,M,62,5,0,NA,Cont,T1,1
PM114,NumFirst,M,62,5,0,NA,Cont,T2,1
PM114,NumFirst,M,62,5,0,NA,Cont,T3,1
PM114,NumFirst,M,62,5,0,NA,Cont,T4,1
PM114,NumFirst,M,62,5,0,NA,Cont,T5,1
PM114,NumFirst,M,62,5,0,NA,Cont,T6,1
PM114,NumFirst,M,62,5,0,NA,Cont,T7,1
PM114,NumFirst,M,62,5,0,NA,Cont,T8,1
PM114,NumFirst,M,62,5,0,NA,Num,T1,0
PM114,NumFirst,M,62,5,0,NA,Num,T2,0
PM114,NumFirst,M,62,5,0,NA,Num,T3,0
PM114,NumFirst,M,62,5,0,NA,Num,T4,0
PM114,NumFirst,M,62,5,0,NA,Num,T5,0
PM114,NumFirst,M,62,5,0,NA,Num,T6,0
PM114,NumFirst,M,62,5,0,NA,Num,T7,0
PM114,NumFirst,M,62,5,0,NA,Num,T8,0
PM115,ContFirst,M,51,4,0,NA,Cont,T1,0
PM115,ContFirst,M,51,4,0,NA,Cont,T2,0
PM115,ContFirst,M,51,4,0,NA,Cont,T3,0
PM115,ContFirst,M,51,4,0,NA,Cont,T4,0
PM115,ContFirst,M,51,4,0,NA,Cont,T5,0
PM115,ContFirst,M,51,4,0,NA,Cont,T6,0
PM115,ContFirst,M,51,4,0,NA,Cont,T7,0
PM115,ContFirst,M,51,4,0,NA,Cont,T8,0
PM115,ContFirst,M,51,4,0,NA,Num,T1,0
PM115,ContFirst,M,51,4,0,NA,Num,T2,1
PM115,ContFirst,M,51,4,0,NA,Num,T3,0
PM115,ContFirst,M,51,4,0,NA,Num,T4,0
PM115,ContFirst,M,51,4,0,NA,Num,T5,0
PM115,ContFirst,M,51,4,0,NA,Num,T6,0
PM115,ContFirst,M,51,4,0,NA,Num,T7,0
PM115,ContFirst,M,51,4,0,NA,Num,T8,0
PM116,NumFirst,M,48,4,0,NA,Cont,T1,1
PM116,NumFirst,M,48,4,0,NA,Cont,T2,0
PM116,NumFirst,M,48,4,0,NA,Cont,T3,0
PM116,NumFirst,M,48,4,0,NA,Cont,T4,1
PM116,NumFirst,M,48,4,0,NA,Cont,T5,1
PM116,NumFirst,M,48,4,0,NA,Cont,T6,0
PM116,NumFirst,M,48,4,0,NA,Cont,T7,1
PM116,NumFirst,M,48,4,0,NA,Cont,T8,0
PM116,NumFirst,M,48,4,0,NA,Num,T1,0
PM116,NumFirst,M,48,4,0,NA,Num,T2,1
PM116,NumFirst,M,48,4,0,NA,Num,T3,0
PM116,NumFirst,M,48,4,0,NA,Num,T4,0
PM116,NumFirst,M,48,4,0,NA,Num,T5,0
PM116,NumFirst,M,48,4,0,NA,Num,T6,0
PM116,NumFirst,M,48,4,0,NA,Num,T7,1
PM116,NumFirst,M,48,4,0,NA,Num,T8,0
PM117,NumFirst,M,59,4,0,NA,Cont,T1,1
PM117,NumFirst,M,59,4,0,NA,Cont,T2,1
PM117,NumFirst,M,59,4,0,NA,Cont,T3,0
PM117,NumFirst,M,59,4,0,NA,Cont,T4,1
PM117,NumFirst,M,59,4,0,NA,Cont,T5,1
PM117,NumFirst,M,59,4,0,NA,Cont,T6,1
PM117,NumFirst,M,59,4,0,NA,Cont,T7,1
PM117,NumFirst,M,59,4,0,NA,Cont,T8,1
PM117,NumFirst,M,59,4,0,NA,Num,T1,0
PM117,NumFirst,M,59,4,0,NA,Num,T2,0
PM117,NumFirst,M,59,4,0,NA,Num,T3,0
PM117,NumFirst,M,59,4,0,NA,Num,T4,0
PM117,NumFirst,M,59,4,0,NA,Num,T5,0
PM117,NumFirst,M,59,4,0,NA,Num,T6,0
PM117,NumFirst,M,59,4,0,NA,Num,T7,0
PM117,NumFirst,M,59,4,0,NA,Num,T8,0
PM118,ContFirst,M,70,5,0,NA,Cont,T1,0
PM118,ContFirst,M,70,5,0,NA,Cont,T2,0
PM118,ContFirst,M,70,5,0,NA,Cont,T3,0
PM118,ContFirst,M,70,5,0,NA,Cont,T4,0
PM118,ContFirst,M,70,5,0,NA,Cont,T5,0
PM118,ContFirst,M,70,5,0,NA,Cont,T6,0
PM118,ContFirst,M,70,5,0,NA,Cont,T7,0
PM118,ContFirst,M,70,5,0,NA,Cont,T8,0
PM118,ContFirst,M,70,5,0,NA,Num,T1,1
PM118,ContFirst,M,70,5,0,NA,Num,T2,1
PM118,ContFirst,M,70,5,0,NA,Num,T3,1
PM118,ContFirst,M,70,5,0,NA,Num,T4,1
PM118,ContFirst,M,70,5,0,NA,Num,T5,1
PM118,ContFirst,M,70,5,0,NA,Num,T6,1
PM118,ContFirst,M,70,5,0,NA,Num,T7,1
PM118,ContFirst,M,70,5,0,NA,Num,T8,1
PM119,NumFirst,M,75,6,0,NA,Cont,T1,0
PM119,NumFirst,M,75,6,0,NA,Cont,T2,1
PM119,NumFirst,M,75,6,0,NA,Cont,T3,1
PM119,NumFirst,M,75,6,0,NA,Cont,T4,1
PM119,NumFirst,M,75,6,0,NA,Cont,T5,1
PM119,NumFirst,M,75,6,0,NA,Cont,T6,1
PM119,NumFirst,M,75,6,0,NA,Cont,T7,1
PM119,NumFirst,M,75,6,0,NA,Cont,T8,1
PM119,NumFirst,M,75,6,0,NA,Num,T1,0
PM119,NumFirst,M,75,6,0,NA,Num,T2,0
PM119,NumFirst,M,75,6,0,NA,Num,T3,0
PM119,NumFirst,M,75,6,0,NA,Num,T4,0
PM119,NumFirst,M,75,6,0,NA,Num,T5,1
PM119,NumFirst,M,75,6,0,NA,Num,T6,1
PM119,NumFirst,M,75,6,0,NA,Num,T7,0
PM119,NumFirst,M,75,6,0,NA,Num,T8,0
PM120,NumFirst,F,69,5,0,NA,Cont,T1,0
PM120,NumFirst,F,69,5,0,NA,Cont,T2,0
PM120,NumFirst,F,69,5,0,NA,Cont,T3,0
PM120,NumFirst,F,69,5,0,NA,Cont,T4,1
PM120,NumFirst,F,69,5,0,NA,Cont,T5,1
PM120,NumFirst,F,69,5,0,NA,Cont,T6,1
PM120,NumFirst,F,69,5,0,NA,Cont,T7,0
PM120,NumFirst,F,69,5,0,NA,Cont,T8,1
PM120,NumFirst,F,69,5,0,NA,Num,T1,0
PM120,NumFirst,F,69,5,0,NA,Num,T2,0
PM120,NumFirst,F,69,5,0,NA,Num,T3,0
PM120,NumFirst,F,69,5,0,NA,Num,T4,0
PM120,NumFirst,F,69,5,0,NA,Num,T5,0
PM120,NumFirst,F,69,5,0,NA,Num,T6,0
PM120,NumFirst,F,69,5,0,NA,Num,T7,0
PM120,NumFirst,F,69,5,0,NA,Num,T8,0
PM121,NumFirst,M,66,5,0,NA,Cont,T1,0
PM121,NumFirst,M,66,5,0,NA,Cont,T2,0
PM121,NumFirst,M,66,5,0,NA,Cont,T3,0
PM121,NumFirst,M,66,5,0,NA,Cont,T4,0
PM121,NumFirst,M,66,5,0,NA,Cont,T5,0
PM121,NumFirst,M,66,5,0,NA,Cont,T6,0
PM121,NumFirst,M,66,5,0,NA,Cont,T7,1
PM121,NumFirst,M,66,5,0,NA,Cont,T8,0
PM121,NumFirst,M,66,5,0,NA,Num,T1,0
PM121,NumFirst,M,66,5,0,NA,Num,T2,0
PM121,NumFirst,M,66,5,0,NA,Num,T3,0
PM121,NumFirst,M,66,5,0,NA,Num,T4,0
PM121,NumFirst,M,66,5,0,NA,Num,T5,0
PM121,NumFirst,M,66,5,0,NA,Num,T6,0
PM121,NumFirst,M,66,5,0,NA,Num,T7,0
PM121,NumFirst,M,66,5,0,NA,Num,T8,0
PM122,ContFirst,M,68,5,0,NA,Cont,T1,0
PM122,ContFirst,M,68,5,0,NA,Cont,T2,1
PM122,ContFirst,M,68,5,0,NA,Cont,T3,1
PM122,ContFirst,M,68,5,0,NA,Cont,T4,1
PM122,ContFirst,M,68,5,0,NA,Cont,T5,1
PM122,ContFirst,M,68,5,0,NA,Cont,T6,1
PM122,ContFirst,M,68,5,0,NA,Cont,T7,0
PM122,ContFirst,M,68,5,0,NA,Cont,T8,1
PM122,ContFirst,M,68,5,0,NA,Num,T1,0
PM122,ContFirst,M,68,5,0,NA,Num,T2,0
PM122,ContFirst,M,68,5,0,NA,Num,T3,0
PM122,ContFirst,M,68,5,0,NA,Num,T4,0
PM122,ContFirst,M,68,5,0,NA,Num,T5,0
PM122,ContFirst,M,68,5,0,NA,Num,T6,0
PM122,ContFirst,M,68,5,0,NA,Num,T7,0
PM122,ContFirst,M,68,5,0,NA,Num,T8,0
PM123,ContFirst,F,70,5,0,NA,Cont,T1,1
PM123,ContFirst,F,70,5,0,NA,Cont,T2,1
PM123,ContFirst,F,70,5,0,NA,Cont,T3,1
PM123,ContFirst,F,70,5,0,NA,Cont,T4,1
PM123,ContFirst,F,70,5,0,NA,Cont,T5,1
PM123,ContFirst,F,70,5,0,NA,Cont,T6,1
PM123,ContFirst,F,70,5,0,NA,Cont,T7,1
PM123,ContFirst,F,70,5,0,NA,Cont,T8,1
PM123,ContFirst,F,70,5,0,NA,Num,T1,1
PM123,ContFirst,F,70,5,0,NA,Num,T2,1
PM123,ContFirst,F,70,5,0,NA,Num,T3,1
PM123,ContFirst,F,70,5,0,NA,Num,T4,1
PM123,ContFirst,F,70,5,0,NA,Num,T5,1
PM123,ContFirst,F,70,5,0,NA,Num,T6,1
PM123,ContFirst,F,70,5,0,NA,Num,T7,1
PM123,ContFirst,F,70,5,0,NA,Num,T8,1
PM124,ContFirst,F,66,5,0,NA,Cont,T1,0
PM124,ContFirst,F,66,5,0,NA,Cont,T2,1
PM124,ContFirst,F,66,5,0,NA,Cont,T3,1
PM124,ContFirst,F,66,5,0,NA,Cont,T4,1
PM124,ContFirst,F,66,5,0,NA,Cont,T5,1
PM124,ContFirst,F,66,5,0,NA,Cont,T6,1
PM124,ContFirst,F,66,5,0,NA,Cont,T7,1
PM124,ContFirst,F,66,5,0,NA,Cont,T8,0
PM124,ContFirst,F,66,5,0,NA,Num,T1,0
PM124,ContFirst,F,66,5,0,NA,Num,T2,0
PM124,ContFirst,F,66,5,0,NA,Num,T3,1
PM124,ContFirst,F,66,5,0,NA,Num,T4,0
PM124,ContFirst,F,66,5,0,NA,Num,T5,1
PM124,ContFirst,F,66,5,0,NA,Num,T6,1
PM124,ContFirst,F,66,5,0,NA,Num,T7,1
PM124,ContFirst,F,66,5,0,NA,Num,T8,1
PM125,NumFirst,M,70,5,0,NA,Cont,T1,1
PM125,NumFirst,M,70,5,0,NA,Cont,T2,0
PM125,NumFirst,M,70,5,0,NA,Cont,T3,0
PM125,NumFirst,M,70,5,0,NA,Cont,T4,0
PM125,NumFirst,M,70,5,0,NA,Cont,T5,0
PM125,NumFirst,M,70,5,0,NA,Cont,T6,0
PM125,NumFirst,M,70,5,0,NA,Cont,T7,1
PM125,NumFirst,M,70,5,0,NA,Cont,T8,0
PM125,NumFirst,M,70,5,0,NA,Num,T1,0
PM125,NumFirst,M,70,5,0,NA,Num,T2,0
PM125,NumFirst,M,70,5,0,NA,Num,T3,0
PM125,NumFirst,M,70,5,0,NA,Num,T4,0
PM125,NumFirst,M,70,5,0,NA,Num,T5,0
PM125,NumFirst,M,70,5,0,NA,Num,T6,0
PM125,NumFirst,M,70,5,0,NA,Num,T7,0
PM125,NumFirst,M,70,5,0,NA,Num,T8,0
PM126,NumFirst,F,69,5,0,NA,Cont,T1,1
PM126,NumFirst,F,69,5,0,NA,Cont,T2,1
PM126,NumFirst,F,69,5,0,NA,Cont,T3,1
PM126,NumFirst,F,69,5,0,NA,Cont,T4,1
PM126,NumFirst,F,69,5,0,NA,Cont,T5,1
PM126,NumFirst,F,69,5,0,NA,Cont,T6,1
PM126,NumFirst,F,69,5,0,NA,Cont,T7,1
PM126,NumFirst,F,69,5,0,NA,Cont,T8,1
PM126,NumFirst,F,69,5,0,NA,Num,T1,0
PM126,NumFirst,F,69,5,0,NA,Num,T2,0
PM126,NumFirst,F,69,5,0,NA,Num,T3,0
PM126,NumFirst,F,69,5,0,NA,Num,T4,0
PM126,NumFirst,F,69,5,0,NA,Num,T5,0
PM126,NumFirst,F,69,5,0,NA,Num,T6,0
PM126,NumFirst,F,69,5,0,NA,Num,T7,0
PM126,NumFirst,F,69,5,0,NA,Num,T8,0
PM127,NumFirst,F,70,5,0,NA,Cont,T1,0
PM127,NumFirst,F,70,5,0,NA,Cont,T2,0
PM127,NumFirst,F,70,5,0,NA,Cont,T3,0
PM127,NumFirst,F,70,5,0,NA,Cont,T4,0
PM127,NumFirst,F,70,5,0,NA,Cont,T5,0
PM127,NumFirst,F,70,5,0,NA,Cont,T6,0
PM127,NumFirst,F,70,5,0,NA,Cont,T7,0
PM127,NumFirst,F,70,5,0,NA,Cont,T8,0
PM127,NumFirst,F,70,5,0,NA,Num,T1,0
PM127,NumFirst,F,70,5,0,NA,Num,T2,0
PM127,NumFirst,F,70,5,0,NA,Num,T3,0
PM127,NumFirst,F,70,5,0,NA,Num,T4,0
PM127,NumFirst,F,70,5,0,NA,Num,T5,0
PM127,NumFirst,F,70,5,0,NA,Num,T6,0
PM127,NumFirst,F,70,5,0,NA,Num,T7,0
PM127,NumFirst,F,70,5,0,NA,Num,T8,0
PM128,ContFirst,M,65,5,0,NA,Cont,T1,0
PM128,ContFirst,M,65,5,0,NA,Cont,T2,0
PM128,ContFirst,M,65,5,0,NA,Cont,T3,0
PM128,ContFirst,M,65,5,0,NA,Cont,T4,0
PM128,ContFirst,M,65,5,0,NA,Cont,T5,0
PM128,ContFirst,M,65,5,0,NA,Cont,T6,0
PM128,ContFirst,M,65,5,0,NA,Cont,T7,0
PM128,ContFirst,M,65,5,0,NA,Cont,T8,0
PM128,ContFirst,M,65,5,0,NA,Num,T1,0
PM128,ContFirst,M,65,5,0,NA,Num,T2,0
PM128,ContFirst,M,65,5,0,NA,Num,T3,0
PM128,ContFirst,M,65,5,0,NA,Num,T4,0
PM128,ContFirst,M,65,5,0,NA,Num,T5,0
PM128,ContFirst,M,65,5,0,NA,Num,T6,0
PM128,ContFirst,M,65,5,0,NA,Num,T7,0
PM128,ContFirst,M,65,5,0,NA,Num,T8,0
PM129,ContFirst,F,76,6,0,NA,Cont,T1,0
PM129,ContFirst,F,76,6,0,NA,Cont,T2,0
PM129,ContFirst,F,76,6,0,NA,Cont,T3,1
PM129,ContFirst,F,76,6,0,NA,Cont,T4,1
PM129,ContFirst,F,76,6,0,NA,Cont,T5,1
PM129,ContFirst,F,76,6,0,NA,Cont,T6,1
PM129,ContFirst,F,76,6,0,NA,Cont,T7,1
PM129,ContFirst,F,76,6,0,NA,Cont,T8,1
PM129,ContFirst,F,76,6,0,NA,Num,T1,0
PM129,ContFirst,F,76,6,0,NA,Num,T2,0
PM129,ContFirst,F,76,6,0,NA,Num,T3,0
PM129,ContFirst,F,76,6,0,NA,Num,T4,0
PM129,ContFirst,F,76,6,0,NA,Num,T5,0
PM129,ContFirst,F,76,6,0,NA,Num,T6,0
PM129,ContFirst,F,76,6,0,NA,Num,T7,0
PM129,ContFirst,F,76,6,0,NA,Num,T8,0
PM130,ContFirst,F,74,6,0,NA,Cont,T1,1
PM130,ContFirst,F,74,6,0,NA,Cont,T2,0
PM130,ContFirst,F,74,6,0,NA,Cont,T3,0
PM130,ContFirst,F,74,6,0,NA,Cont,T4,0
PM130,ContFirst,F,74,6,0,NA,Cont,T5,1
PM130,ContFirst,F,74,6,0,NA,Cont,T6,1
PM130,ContFirst,F,74,6,0,NA,Cont,T7,0
PM130,ContFirst,F,74,6,0,NA,Cont,T8,0
PM130,ContFirst,F,74,6,0,NA,Num,T1,0
PM130,ContFirst,F,74,6,0,NA,Num,T2,0
PM130,ContFirst,F,74,6,0,NA,Num,T3,0
PM130,ContFirst,F,74,6,0,NA,Num,T4,0
PM130,ContFirst,F,74,6,0,NA,Num,T5,0
PM130,ContFirst,F,74,6,0,NA,Num,T6,0
PM130,ContFirst,F,74,6,0,NA,Num,T7,0
PM130,ContFirst,F,74,6,0,NA,Num,T8,0
PM131,ContFirst,F,69,5,0,NA,Cont,T1,1
PM131,ContFirst,F,69,5,0,NA,Cont,T2,1
PM131,ContFirst,F,69,5,0,NA,Cont,T3,1
PM131,ContFirst,F,69,5,0,NA,Cont,T4,1
PM131,ContFirst,F,69,5,0,NA,Cont,T5,1
PM131,ContFirst,F,69,5,0,NA,Cont,T6,1
PM131,ContFirst,F,69,5,0,NA,Cont,T7,1
PM131,ContFirst,F,69,5,0,NA,Cont,T8,1
PM131,ContFirst,F,69,5,0,NA,Num,T1,0
PM131,ContFirst,F,69,5,0,NA,Num,T2,0
PM131,ContFirst,F,69,5,0,NA,Num,T3,0
PM131,ContFirst,F,69,5,0,NA,Num,T4,0
PM131,ContFirst,F,69,5,0,NA,Num,T5,0
PM131,ContFirst,F,69,5,0,NA,Num,T6,0
PM131,ContFirst,F,69,5,0,NA,Num,T7,0
PM131,ContFirst,F,69,5,0,NA,Num,T8,0
PM132,NumFirst,F,66,5,0,NA,Cont,T1,0
PM132,NumFirst,F,66,5,0,NA,Cont,T2,0
PM132,NumFirst,F,66,5,0,NA,Cont,T3,0
PM132,NumFirst,F,66,5,0,NA,Cont,T4,0
PM132,NumFirst,F,66,5,0,NA,Cont,T5,0
PM132,NumFirst,F,66,5,0,NA,Cont,T6,1
PM132,NumFirst,F,66,5,0,NA,Cont,T7,0
PM132,NumFirst,F,66,5,0,NA,Cont,T8,0
PM132,NumFirst,F,66,5,0,NA,Num,T1,0
PM132,NumFirst,F,66,5,0,NA,Num,T2,0
PM132,NumFirst,F,66,5,0,NA,Num,T3,0
PM132,NumFirst,F,66,5,0,NA,Num,T4,0
PM132,NumFirst,F,66,5,0,NA,Num,T5,0
PM132,NumFirst,F,66,5,0,NA,Num,T6,0
PM132,NumFirst,F,66,5,0,NA,Num,T7,0
PM132,NumFirst,F,66,5,0,NA,Num,T8,0
PM133,ContFirst,M,76,6,0,NA,Cont,T1,0
PM133,ContFirst,M,76,6,0,NA,Cont,T2,0
PM133,ContFirst,M,76,6,0,NA,Cont,T3,0
PM133,ContFirst,M,76,6,0,NA,Cont,T4,0
PM133,ContFirst,M,76,6,0,NA,Cont,T5,0
PM133,ContFirst,M,76,6,0,NA,Cont,T6,0
PM133,ContFirst,M,76,6,0,NA,Cont,T7,0
PM133,ContFirst,M,76,6,0,NA,Cont,T8,1
PM133,ContFirst,M,76,6,0,NA,Num,T1,0
PM133,ContFirst,M,76,6,0,NA,Num,T2,1
PM133,ContFirst,M,76,6,0,NA,Num,T3,1
PM133,ContFirst,M,76,6,0,NA,Num,T4,1
PM133,ContFirst,M,76,6,0,NA,Num,T5,0
PM133,ContFirst,M,76,6,0,NA,Num,T6,1
PM133,ContFirst,M,76,6,0,NA,Num,T7,1
PM133,ContFirst,M,76,6,0,NA,Num,T8,0
PM134,NumFirst,M,67,5,0,NA,Cont,T1,0
PM134,NumFirst,M,67,5,0,NA,Cont,T2,0
PM134,NumFirst,M,67,5,0,NA,Cont,T3,1
PM134,NumFirst,M,67,5,0,NA,Cont,T4,0
PM134,NumFirst,M,67,5,0,NA,Cont,T5,0
PM134,NumFirst,M,67,5,0,NA,Cont,T6,0
PM134,NumFirst,M,67,5,0,NA,Cont,T7,0
PM134,NumFirst,M,67,5,0,NA,Cont,T8,0
PM134,NumFirst,M,67,5,0,NA,Num,T1,0
PM134,NumFirst,M,67,5,0,NA,Num,T2,0
PM134,NumFirst,M,67,5,0,NA,Num,T3,0
PM134,NumFirst,M,67,5,0,NA,Num,T4,0
PM134,NumFirst,M,67,5,0,NA,Num,T5,0
PM134,NumFirst,M,67,5,0,NA,Num,T6,0
PM134,NumFirst,M,67,5,0,NA,Num,T7,0
PM134,NumFirst,M,67,5,0,NA,Num,T8,0
PM135,NumFirst,M,65,5,0,NA,Cont,T1,1
PM135,NumFirst,M,65,5,0,NA,Cont,T2,0
PM135,NumFirst,M,65,5,0,NA,Cont,T3,0
PM135,NumFirst,M,65,5,0,NA,Cont,T4,0
PM135,NumFirst,M,65,5,0,NA,Cont,T5,1
PM135,NumFirst,M,65,5,0,NA,Cont,T6,1
PM135,NumFirst,M,65,5,0,NA,Cont,T7,0
PM135,NumFirst,M,65,5,0,NA,Cont,T8,0
PM135,NumFirst,M,65,5,0,NA,Num,T1,0
PM135,NumFirst,M,65,5,0,NA,Num,T2,0
PM135,NumFirst,M,65,5,0,NA,Num,T3,0
PM135,NumFirst,M,65,5,0,NA,Num,T4,0
PM135,NumFirst,M,65,5,0,NA,Num,T5,0
PM135,NumFirst,M,65,5,0,NA,Num,T6,0
PM135,NumFirst,M,65,5,0,NA,Num,T7,0
PM135,NumFirst,M,65,5,0,NA,Num,T8,0
PM136,ContFirst,F,68,5,0,NA,Cont,T1,0
PM136,ContFirst,F,68,5,0,NA,Cont,T2,1
PM136,ContFirst,F,68,5,0,NA,Cont,T3,0
PM136,ContFirst,F,68,5,0,NA,Cont,T4,1
PM136,ContFirst,F,68,5,0,NA,Cont,T5,1
PM136,ContFirst,F,68,5,0,NA,Cont,T6,1
PM136,ContFirst,F,68,5,0,NA,Cont,T7,1
PM136,ContFirst,F,68,5,0,NA,Cont,T8,0
PM136,ContFirst,F,68,5,0,NA,Num,T1,0
PM136,ContFirst,F,68,5,0,NA,Num,T2,1
PM136,ContFirst,F,68,5,0,NA,Num,T3,0
PM136,ContFirst,F,68,5,0,NA,Num,T4,1
PM136,ContFirst,F,68,5,0,NA,Num,T5,0
PM136,ContFirst,F,68,5,0,NA,Num,T6,0
PM136,ContFirst,F,68,5,0,NA,Num,T7,1
PM136,ContFirst,F,68,5,0,NA,Num,T8,0
PM137,NumFirst,F,73,6,1,expiermenter error leading to missing data (didn't fill out some answers),Cont,T1,1
PM137,NumFirst,F,73,6,1,expiermenter error leading to missing data (didn't fill out some answers),Cont,T2,1
PM137,NumFirst,F,73,6,1,expiermenter error leading to missing data (didn't fill out some answers),Cont,T3,1
PM137,NumFirst,F,73,6,1,expiermenter error leading to missing data (didn't fill out some answers),Cont,T4,1
PM137,NumFirst,F,73,6,1,expiermenter error leading to missing data (didn't fill out some answers),Cont,T5,1
PM137,NumFirst,F,73,6,1,expiermenter error leading to missing data (didn't fill out some answers),Cont,T6,1
PM137,NumFirst,F,73,6,1,expiermenter error leading to missing data (didn't fill out some answers),Cont,T7,1
PM137,NumFirst,F,73,6,1,expiermenter error leading to missing data (didn't fill out some answers),Cont,T8,1
PM137,NumFirst,F,73,6,1,expiermenter error leading to missing data (didn't fill out some answers),Num,T1,0
PM137,NumFirst,F,73,6,1,expiermenter error leading to missing data (didn't fill out some answers),Num,T2,0
PM137,NumFirst,F,73,6,1,expiermenter error leading to missing data (didn't fill out some answers),Num,T3,0
PM137,NumFirst,F,73,6,1,expiermenter error leading to missing data (didn't fill out some answers),Num,T4,0
PM137,NumFirst,F,73,6,1,expiermenter error leading to missing data (didn't fill out some answers),Num,T5,0
PM137,NumFirst,F,73,6,1,expiermenter error leading to missing data (didn't fill out some answers),Num,T6,0
PM137,NumFirst,F,73,6,1,expiermenter error leading to missing data (didn't fill out some answers),Num,T7,0
PM137,NumFirst,F,73,6,1,expiermenter error leading to missing data (didn't fill out some answers),Num,T8,NA
PM138,ContFirst,F,69,5,0,NA,Cont,T1,1
PM138,ContFirst,F,69,5,0,NA,Cont,T2,1
PM138,ContFirst,F,69,5,0,NA,Cont,T3,1
PM138,ContFirst,F,69,5,0,NA,Cont,T4,1
PM138,ContFirst,F,69,5,0,NA,Cont,T5,1
PM138,ContFirst,F,69,5,0,NA,Cont,T6,1
PM138,ContFirst,F,69,5,0,NA,Cont,T7,1
PM138,ContFirst,F,69,5,0,NA,Cont,T8,1
PM138,ContFirst,F,69,5,0,NA,Num,T1,0
PM138,ContFirst,F,69,5,0,NA,Num,T2,0
PM138,ContFirst,F,69,5,0,NA,Num,T3,1
PM138,ContFirst,F,69,5,0,NA,Num,T4,0
PM138,ContFirst,F,69,5,0,NA,Num,T5,0
PM138,ContFirst,F,69,5,0,NA,Num,T6,0
PM138,ContFirst,F,69,5,0,NA,Num,T7,0
PM138,ContFirst,F,69,5,0,NA,Num,T8,0
PM139,ContFirst,F,73,6,0,NA,Cont,T1,1
PM139,ContFirst,F,73,6,0,NA,Cont,T2,1
PM139,ContFirst,F,73,6,0,NA,Cont,T3,0
PM139,ContFirst,F,73,6,0,NA,Cont,T4,1
PM139,ContFirst,F,73,6,0,NA,Cont,T5,1
PM139,ContFirst,F,73,6,0,NA,Cont,T6,1
PM139,ContFirst,F,73,6,0,NA,Cont,T7,1
PM139,ContFirst,F,73,6,0,NA,Cont,T8,0
PM139,ContFirst,F,73,6,0,NA,Num,T1,0
PM139,ContFirst,F,73,6,0,NA,Num,T2,0
PM139,ContFirst,F,73,6,0,NA,Num,T3,0
PM139,ContFirst,F,73,6,0,NA,Num,T4,1
PM139,ContFirst,F,73,6,0,NA,Num,T5,1
PM139,ContFirst,F,73,6,0,NA,Num,T6,1
PM139,ContFirst,F,73,6,0,NA,Num,T7,1
PM139,ContFirst,F,73,6,0,NA,Num,T8,0
PM140,NumFirst,M,69,5,0,NA,Cont,T1,0
PM140,NumFirst,M,69,5,0,NA,Cont,T2,1
PM140,NumFirst,M,69,5,0,NA,Cont,T3,1
PM140,NumFirst,M,69,5,0,NA,Cont,T4,1
PM140,NumFirst,M,69,5,0,NA,Cont,T5,1
PM140,NumFirst,M,69,5,0,NA,Cont,T6,1
PM140,NumFirst,M,69,5,0,NA,Cont,T7,1
PM140,NumFirst,M,69,5,0,NA,Cont,T8,1
PM140,NumFirst,M,69,5,0,NA,Num,T1,0
PM140,NumFirst,M,69,5,0,NA,Num,T2,0
PM140,NumFirst,M,69,5,0,NA,Num,T3,0
PM140,NumFirst,M,69,5,0,NA,Num,T4,0
PM140,NumFirst,M,69,5,0,NA,Num,T5,0
PM140,NumFirst,M,69,5,0,NA,Num,T6,0
PM140,NumFirst,M,69,5,0,NA,Num,T7,0
PM140,NumFirst,M,69,5,0,NA,Num,T8,0
PM141,NumFirst,F,68,5,0,NA,Cont,T1,1
PM141,NumFirst,F,68,5,0,NA,Cont,T2,1
PM141,NumFirst,F,68,5,0,NA,Cont,T3,1
PM141,NumFirst,F,68,5,0,NA,Cont,T4,1
PM141,NumFirst,F,68,5,0,NA,Cont,T5,1
PM141,NumFirst,F,68,5,0,NA,Cont,T6,1
PM141,NumFirst,F,68,5,0,NA,Cont,T7,1
PM141,NumFirst,F,68,5,0,NA,Cont,T8,1
PM141,NumFirst,F,68,5,0,NA,Num,T1,0
PM141,NumFirst,F,68,5,0,NA,Num,T2,0
PM141,NumFirst,F,68,5,0,NA,Num,T3,0
PM141,NumFirst,F,68,5,0,NA,Num,T4,0
PM141,NumFirst,F,68,5,0,NA,Num,T5,0
PM141,NumFirst,F,68,5,0,NA,Num,T6,0
PM141,NumFirst,F,68,5,0,NA,Num,T7,0
PM141,NumFirst,F,68,5,0,NA,Num,T8,0
PM142,NumFirst,F,76,6,0,NA,Cont,T1,1
PM142,NumFirst,F,76,6,0,NA,Cont,T2,1
PM142,NumFirst,F,76,6,0,NA,Cont,T3,1
PM142,NumFirst,F,76,6,0,NA,Cont,T4,1
PM142,NumFirst,F,76,6,0,NA,Cont,T5,1
PM142,NumFirst,F,76,6,0,NA,Cont,T6,1
PM142,NumFirst,F,76,6,0,NA,Cont,T7,1
PM142,NumFirst,F,76,6,0,NA,Cont,T8,1
PM142,NumFirst,F,76,6,0,NA,Num,T1,0
PM142,NumFirst,F,76,6,0,NA,Num,T2,0
PM142,NumFirst,F,76,6,0,NA,Num,T3,0
PM142,NumFirst,F,76,6,0,NA,Num,T4,0
PM142,NumFirst,F,76,6,0,NA,Num,T5,0
PM142,NumFirst,F,76,6,0,NA,Num,T6,0
PM142,NumFirst,F,76,6,0,NA,Num,T7,0
PM142,NumFirst,F,76,6,0,NA,Num,T8,0
PM143,ContFirst,F,65,5,0,NA,Cont,T1,0
PM143,ContFirst,F,65,5,0,NA,Cont,T2,0
PM143,ContFirst,F,65,5,0,NA,Cont,T3,0
PM143,ContFirst,F,65,5,0,NA,Cont,T4,0
PM143,ContFirst,F,65,5,0,NA,Cont,T5,1
PM143,ContFirst,F,65,5,0,NA,Cont,T6,1
PM143,ContFirst,F,65,5,0,NA,Cont,T7,1
PM143,ContFirst,F,65,5,0,NA,Cont,T8,0
PM143,ContFirst,F,65,5,0,NA,Num,T1,0
PM143,ContFirst,F,65,5,0,NA,Num,T2,0
PM143,ContFirst,F,65,5,0,NA,Num,T3,0
PM143,ContFirst,F,65,5,0,NA,Num,T4,0
PM143,ContFirst,F,65,5,0,NA,Num,T5,0
PM143,ContFirst,F,65,5,0,NA,Num,T6,0
PM143,ContFirst,F,65,5,0,NA,Num,T7,0
PM143,ContFirst,F,65,5,0,NA,Num,T8,0
PM144,NumFirst,F,68,5,0,NA,Cont,T1,0
PM144,NumFirst,F,68,5,0,NA,Cont,T2,0
PM144,NumFirst,F,68,5,0,NA,Cont,T3,0
PM144,NumFirst,F,68,5,0,NA,Cont,T4,0
PM144,NumFirst,F,68,5,0,NA,Cont,T5,0
PM144,NumFirst,F,68,5,0,NA,Cont,T6,0
PM144,NumFirst,F,68,5,0,NA,Cont,T7,0
PM144,NumFirst,F,68,5,0,NA,Cont,T8,0
PM144,NumFirst,F,68,5,0,NA,Num,T1,0
PM144,NumFirst,F,68,5,0,NA,Num,T2,0
PM144,NumFirst,F,68,5,0,NA,Num,T3,0
PM144,NumFirst,F,68,5,0,NA,Num,T4,0
PM144,NumFirst,F,68,5,0,NA,Num,T5,0
PM144,NumFirst,F,68,5,0,NA,Num,T6,0
PM144,NumFirst,F,68,5,0,NA,Num,T7,0
PM144,NumFirst,F,68,5,0,NA,Num,T8,0
PM145,ContFirst,F,73,6,0,NA,Cont,T1,1
PM145,ContFirst,F,73,6,0,NA,Cont,T2,1
PM145,ContFirst,F,73,6,0,NA,Cont,T3,1
PM145,ContFirst,F,73,6,0,NA,Cont,T4,1
PM145,ContFirst,F,73,6,0,NA,Cont,T5,1
PM145,ContFirst,F,73,6,0,NA,Cont,T6,1
PM145,ContFirst,F,73,6,0,NA,Cont,T7,1
PM145,ContFirst,F,73,6,0,NA,Cont,T8,1
PM145,ContFirst,F,73,6,0,NA,Num,T1,1
PM145,ContFirst,F,73,6,0,NA,Num,T2,1
PM145,ContFirst,F,73,6,0,NA,Num,T3,1
PM145,ContFirst,F,73,6,0,NA,Num,T4,1
PM145,ContFirst,F,73,6,0,NA,Num,T5,1
PM145,ContFirst,F,73,6,0,NA,Num,T6,1
PM145,ContFirst,F,73,6,0,NA,Num,T7,1
PM145,ContFirst,F,73,6,0,NA,Num,T8,1
PM146,ContFirst,F,52,4,0,NA,Cont,T1,0
PM146,ContFirst,F,52,4,0,NA,Cont,T2,0
PM146,ContFirst,F,52,4,0,NA,Cont,T3,0
PM146,ContFirst,F,52,4,0,NA,Cont,T4,0
PM146,ContFirst,F,52,4,0,NA,Cont,T5,0
PM146,ContFirst,F,52,4,0,NA,Cont,T6,0
PM146,ContFirst,F,52,4,0,NA,Cont,T7,0
PM146,ContFirst,F,52,4,0,NA,Cont,T8,0
PM146,ContFirst,F,52,4,0,NA,Num,T1,0
PM146,ContFirst,F,52,4,0,NA,Num,T2,0
PM146,ContFirst,F,52,4,0,NA,Num,T3,0
PM146,ContFirst,F,52,4,0,NA,Num,T4,0
PM146,ContFirst,F,52,4,0,NA,Num,T5,0
PM146,ContFirst,F,52,4,0,NA,Num,T6,0
PM146,ContFirst,F,52,4,0,NA,Num,T7,0
PM146,ContFirst,F,52,4,0,NA,Num,T8,0
PM147,ContFirst,F,66,5,0,NA,Cont,T1,0
PM147,ContFirst,F,66,5,0,NA,Cont,T2,0
PM147,ContFirst,F,66,5,0,NA,Cont,T3,0
PM147,ContFirst,F,66,5,0,NA,Cont,T4,0
PM147,ContFirst,F,66,5,0,NA,Cont,T5,0
PM147,ContFirst,F,66,5,0,NA,Cont,T6,0
PM147,ContFirst,F,66,5,0,NA,Cont,T7,0
PM147,ContFirst,F,66,5,0,NA,Cont,T8,0
PM147,ContFirst,F,66,5,0,NA,Num,T1,0
PM147,ContFirst,F,66,5,0,NA,Num,T2,0
PM147,ContFirst,F,66,5,0,NA,Num,T3,0
PM147,ContFirst,F,66,5,0,NA,Num,T4,0
PM147,ContFirst,F,66,5,0,NA,Num,T5,0
PM147,ContFirst,F,66,5,0,NA,Num,T6,0
PM147,ContFirst,F,66,5,0,NA,Num,T7,0
PM147,ContFirst,F,66,5,0,NA,Num,T8,0
PM148,ContFirst,M,48,4,0,NA,Cont,T1,0
PM148,ContFirst,M,48,4,0,NA,Cont,T2,1
PM148,ContFirst,M,48,4,0,NA,Cont,T3,1
PM148,ContFirst,M,48,4,0,NA,Cont,T4,0
PM148,ContFirst,M,48,4,0,NA,Cont,T5,1
PM148,ContFirst,M,48,4,0,NA,Cont,T6,1
PM148,ContFirst,M,48,4,0,NA,Cont,T7,0
PM148,ContFirst,M,48,4,0,NA,Cont,T8,1
PM148,ContFirst,M,48,4,0,NA,Num,T1,1
PM148,ContFirst,M,48,4,0,NA,Num,T2,0
PM148,ContFirst,M,48,4,0,NA,Num,T3,0
PM148,ContFirst,M,48,4,0,NA,Num,T4,1
PM148,ContFirst,M,48,4,0,NA,Num,T5,1
PM148,ContFirst,M,48,4,0,NA,Num,T6,0
PM148,ContFirst,M,48,4,0,NA,Num,T7,0
PM148,ContFirst,M,48,4,0,NA,Num,T8,1
PM149,NumFirst,M,66,5,0,NA,Cont,T1,0
PM149,NumFirst,M,66,5,0,NA,Cont,T2,0
PM149,NumFirst,M,66,5,0,NA,Cont,T3,0
PM149,NumFirst,M,66,5,0,NA,Cont,T4,0
PM149,NumFirst,M,66,5,0,NA,Cont,T5,0
PM149,NumFirst,M,66,5,0,NA,Cont,T6,0
PM149,NumFirst,M,66,5,0,NA,Cont,T7,0
PM149,NumFirst,M,66,5,0,NA,Cont,T8,0
PM149,NumFirst,M,66,5,0,NA,Num,T1,0
PM149,NumFirst,M,66,5,0,NA,Num,T2,0
PM149,NumFirst,M,66,5,0,NA,Num,T3,0
PM149,NumFirst,M,66,5,0,NA,Num,T4,0
PM149,NumFirst,M,66,5,0,NA,Num,T5,0
PM149,NumFirst,M,66,5,0,NA,Num,T6,0
PM149,NumFirst,M,66,5,0,NA,Num,T7,0
PM149,NumFirst,M,66,5,0,NA,Num,T8,0
PM150,NumFirst,F,52,4,0,NA,Cont,T1,1
PM150,NumFirst,F,52,4,0,NA,Cont,T2,1
PM150,NumFirst,F,52,4,0,NA,Cont,T3,0
PM150,NumFirst,F,52,4,0,NA,Cont,T4,1
PM150,NumFirst,F,52,4,0,NA,Cont,T5,0
PM150,NumFirst,F,52,4,0,NA,Cont,T6,1
PM150,NumFirst,F,52,4,0,NA,Cont,T7,1
PM150,NumFirst,F,52,4,0,NA,Cont,T8,1
PM150,NumFirst,F,52,4,0,NA,Num,T1,1
PM150,NumFirst,F,52,4,0,NA,Num,T2,1
PM150,NumFirst,F,52,4,0,NA,Num,T3,0
PM150,NumFirst,F,52,4,0,NA,Num,T4,1
PM150,NumFirst,F,52,4,0,NA,Num,T5,1
PM150,NumFirst,F,52,4,0,NA,Num,T6,1
PM150,NumFirst,F,52,4,0,NA,Num,T7,1
PM150,NumFirst,F,52,4,0,NA,Num,T8,1
PM151,NumFirst,M,57,4,0,NA,Cont,T1,0
PM151,NumFirst,M,57,4,0,NA,Cont,T2,0
PM151,NumFirst,M,57,4,0,NA,Cont,T3,1
PM151,NumFirst,M,57,4,0,NA,Cont,T4,0
PM151,NumFirst,M,57,4,0,NA,Cont,T5,1
PM151,NumFirst,M,57,4,0,NA,Cont,T6,1
PM151,NumFirst,M,57,4,0,NA,Cont,T7,0
PM151,NumFirst,M,57,4,0,NA,Cont,T8,1
PM151,NumFirst,M,57,4,0,NA,Num,T1,1
PM151,NumFirst,M,57,4,0,NA,Num,T2,1
PM151,NumFirst,M,57,4,0,NA,Num,T3,0
PM151,NumFirst,M,57,4,0,NA,Num,T4,0
PM151,NumFirst,M,57,4,0,NA,Num,T5,1
PM151,NumFirst,M,57,4,0,NA,Num,T6,0
PM151,NumFirst,M,57,4,0,NA,Num,T7,0
PM151,NumFirst,M,57,4,0,NA,Num,T8,1
PM152,ContFirst,F,67,5,0,NA,Cont,T1,0
PM152,ContFirst,F,67,5,0,NA,Cont,T2,1
PM152,ContFirst,F,67,5,0,NA,Cont,T3,1
PM152,ContFirst,F,67,5,0,NA,Cont,T4,1
PM152,ContFirst,F,67,5,0,NA,Cont,T5,1
PM152,ContFirst,F,67,5,0,NA,Cont,T6,1
PM152,ContFirst,F,67,5,0,NA,Cont,T7,1
PM152,ContFirst,F,67,5,0,NA,Cont,T8,1
PM152,ContFirst,F,67,5,0,NA,Num,T1,0
PM152,ContFirst,F,67,5,0,NA,Num,T2,1
PM152,ContFirst,F,67,5,0,NA,Num,T3,1
PM152,ContFirst,F,67,5,0,NA,Num,T4,1
PM152,ContFirst,F,67,5,0,NA,Num,T5,1
PM152,ContFirst,F,67,5,0,NA,Num,T6,0
PM152,ContFirst,F,67,5,0,NA,Num,T7,0
PM152,ContFirst,F,67,5,0,NA,Num,T8,0
PM153,NumFirst,F,66,5,0,NA,Cont,T1,0
PM153,NumFirst,F,66,5,0,NA,Cont,T2,0
PM153,NumFirst,F,66,5,0,NA,Cont,T3,0
PM153,NumFirst,F,66,5,0,NA,Cont,T4,0
PM153,NumFirst,F,66,5,0,NA,Cont,T5,0
PM153,NumFirst,F,66,5,0,NA,Cont,T6,0
PM153,NumFirst,F,66,5,0,NA,Cont,T7,0
PM153,NumFirst,F,66,5,0,NA,Cont,T8,0
PM153,NumFirst,F,66,5,0,NA,Num,T1,0
PM153,NumFirst,F,66,5,0,NA,Num,T2,0
PM153,NumFirst,F,66,5,0,NA,Num,T3,0
PM153,NumFirst,F,66,5,0,NA,Num,T4,0
PM153,NumFirst,F,66,5,0,NA,Num,T5,0
PM153,NumFirst,F,66,5,0,NA,Num,T6,0
PM153,NumFirst,F,66,5,0,NA,Num,T7,0
PM153,NumFirst,F,66,5,0,NA,Num,T8,0
PM154,ContFirst,M,74,6,0,NA,Cont,T1,0
PM154,ContFirst,M,74,6,0,NA,Cont,T2,1
PM154,ContFirst,M,74,6,0,NA,Cont,T3,0
PM154,ContFirst,M,74,6,0,NA,Cont,T4,1
PM154,ContFirst,M,74,6,0,NA,Cont,T5,0
PM154,ContFirst,M,74,6,0,NA,Cont,T6,1
PM154,ContFirst,M,74,6,0,NA,Cont,T7,1
PM154,ContFirst,M,74,6,0,NA,Cont,T8,1
PM154,ContFirst,M,74,6,0,NA,Num,T1,1
PM154,ContFirst,M,74,6,0,NA,Num,T2,0
PM154,ContFirst,M,74,6,0,NA,Num,T3,1
PM154,ContFirst,M,74,6,0,NA,Num,T4,1
PM154,ContFirst,M,74,6,0,NA,Num,T5,1
PM154,ContFirst,M,74,6,0,NA,Num,T6,0
PM154,ContFirst,M,74,6,0,NA,Num,T7,1
PM154,ContFirst,M,74,6,0,NA,Num,T8,1
PM155,NumFirst,F,74,6,0,NA,Cont,T1,0
PM155,NumFirst,F,74,6,0,NA,Cont,T2,0
PM155,NumFirst,F,74,6,0,NA,Cont,T3,1
PM155,NumFirst,F,74,6,0,NA,Cont,T4,1
PM155,NumFirst,F,74,6,0,NA,Cont,T5,0
PM155,NumFirst,F,74,6,0,NA,Cont,T6,0
PM155,NumFirst,F,74,6,0,NA,Cont,T7,1
PM155,NumFirst,F,74,6,0,NA,Cont,T8,1
PM155,NumFirst,F,74,6,0,NA,Num,T1,0
PM155,NumFirst,F,74,6,0,NA,Num,T2,0
PM155,NumFirst,F,74,6,0,NA,Num,T3,0
PM155,NumFirst,F,74,6,0,NA,Num,T4,0
PM155,NumFirst,F,74,6,0,NA,Num,T5,0
PM155,NumFirst,F,74,6,0,NA,Num,T6,0
PM155,NumFirst,F,74,6,0,NA,Num,T7,0
PM155,NumFirst,F,74,6,0,NA,Num,T8,0
PM156,ContFirst,F,79,6,0,NA,Cont,T1,0
PM156,ContFirst,F,79,6,0,NA,Cont,T2,0
PM156,ContFirst,F,79,6,0,NA,Cont,T3,0
PM156,ContFirst,F,79,6,0,NA,Cont,T4,0
PM156,ContFirst,F,79,6,0,NA,Cont,T5,0
PM156,ContFirst,F,79,6,0,NA,Cont,T6,0
PM156,ContFirst,F,79,6,0,NA,Cont,T7,0
PM156,ContFirst,F,79,6,0,NA,Cont,T8,0
PM156,ContFirst,F,79,6,0,NA,Num,T1,0
PM156,ContFirst,F,79,6,0,NA,Num,T2,0
PM156,ContFirst,F,79,6,0,NA,Num,T3,0
PM156,ContFirst,F,79,6,0,NA,Num,T4,0
PM156,ContFirst,F,79,6,0,NA,Num,T5,0
PM156,ContFirst,F,79,6,0,NA,Num,T6,0
PM156,ContFirst,F,79,6,0,NA,Num,T7,0
PM156,ContFirst,F,79,6,0,NA,Num,T8,0
PM157,ContFirst,M,82,6,0,NA,Cont,T1,1
PM157,ContFirst,M,82,6,0,NA,Cont,T2,1
PM157,ContFirst,M,82,6,0,NA,Cont,T3,1
PM157,ContFirst,M,82,6,0,NA,Cont,T4,1
PM157,ContFirst,M,82,6,0,NA,Cont,T5,1
PM157,ContFirst,M,82,6,0,NA,Cont,T6,1
PM157,ContFirst,M,82,6,0,NA,Cont,T7,1
PM157,ContFirst,M,82,6,0,NA,Cont,T8,1
PM157,ContFirst,M,82,6,0,NA,Num,T1,1
PM157,ContFirst,M,82,6,0,NA,Num,T2,1
PM157,ContFirst,M,82,6,0,NA,Num,T3,1
PM157,ContFirst,M,82,6,0,NA,Num,T4,1
PM157,ContFirst,M,82,6,0,NA,Num,T5,1
PM157,ContFirst,M,82,6,0,NA,Num,T6,1
PM157,ContFirst,M,82,6,0,NA,Num,T7,1
PM157,ContFirst,M,82,6,0,NA,Num,T8,1
PM158,NumFirst,F,80,6,0,NA,Cont,T1,1
PM158,NumFirst,F,80,6,0,NA,Cont,T2,1
PM158,NumFirst,F,80,6,0,NA,Cont,T3,1
PM158,NumFirst,F,80,6,0,NA,Cont,T4,1
PM158,NumFirst,F,80,6,0,NA,Cont,T5,1
PM158,NumFirst,F,80,6,0,NA,Cont,T6,1
PM158,NumFirst,F,80,6,0,NA,Cont,T7,1
PM158,NumFirst,F,80,6,0,NA,Cont,T8,1
PM158,NumFirst,F,80,6,0,NA,Num,T1,0
PM158,NumFirst,F,80,6,0,NA,Num,T2,0
PM158,NumFirst,F,80,6,0,NA,Num,T3,0
PM158,NumFirst,F,80,6,0,NA,Num,T4,0
PM158,NumFirst,F,80,6,0,NA,Num,T5,0
PM158,NumFirst,F,80,6,0,NA,Num,T6,0
PM158,NumFirst,F,80,6,0,NA,Num,T7,0
PM158,NumFirst,F,80,6,0,NA,Num,T8,1
PM159,ContFirst,F,54,4,0,NA,Cont,T1,0
PM159,ContFirst,F,54,4,0,NA,Cont,T2,0
PM159,ContFirst,F,54,4,0,NA,Cont,T3,0
PM159,ContFirst,F,54,4,0,NA,Cont,T4,0
PM159,ContFirst,F,54,4,0,NA,Cont,T5,0
PM159,ContFirst,F,54,4,0,NA,Cont,T6,0
PM159,ContFirst,F,54,4,0,NA,Cont,T7,0
PM159,ContFirst,F,54,4,0,NA,Cont,T8,0
PM159,ContFirst,F,54,4,0,NA,Num,T1,0
PM159,ContFirst,F,54,4,0,NA,Num,T2,0
PM159,ContFirst,F,54,4,0,NA,Num,T3,0
PM159,ContFirst,F,54,4,0,NA,Num,T4,0
PM159,ContFirst,F,54,4,0,NA,Num,T5,0
PM159,ContFirst,F,54,4,0,NA,Num,T6,0
PM159,ContFirst,F,54,4,0,NA,Num,T7,0
PM159,ContFirst,F,54,4,0,NA,Num,T8,0
PM160,NumFirst,M,55,4,0,NA,Cont,T1,1
PM160,NumFirst,M,55,4,0,NA,Cont,T2,1
PM160,NumFirst,M,55,4,0,NA,Cont,T3,1
PM160,NumFirst,M,55,4,0,NA,Cont,T4,1
PM160,NumFirst,M,55,4,0,NA,Cont,T5,1
PM160,NumFirst,M,55,4,0,NA,Cont,T6,1
PM160,NumFirst,M,55,4,0,NA,Cont,T7,1
PM160,NumFirst,M,55,4,0,NA,Cont,T8,1
PM160,NumFirst,M,55,4,0,NA,Num,T1,0
PM160,NumFirst,M,55,4,0,NA,Num,T2,0
PM160,NumFirst,M,55,4,0,NA,Num,T3,1
PM160,NumFirst,M,55,4,0,NA,Num,T4,1
PM160,NumFirst,M,55,4,0,NA,Num,T5,1
PM160,NumFirst,M,55,4,0,NA,Num,T6,1
PM160,NumFirst,M,55,4,0,NA,Num,T7,1
PM160,NumFirst,M,55,4,0,NA,Num,T8,1
PM161,ContFirst,M,71,5,0,NA,Cont,T1,1
PM161,ContFirst,M,71,5,0,NA,Cont,T2,1
PM161,ContFirst,M,71,5,0,NA,Cont,T3,0
PM161,ContFirst,M,71,5,0,NA,Cont,T4,1
PM161,ContFirst,M,71,5,0,NA,Cont,T5,0
PM161,ContFirst,M,71,5,0,NA,Cont,T6,1
PM161,ContFirst,M,71,5,0,NA,Cont,T7,1
PM161,ContFirst,M,71,5,0,NA,Cont,T8,0
PM161,ContFirst,M,71,5,0,NA,Num,T1,1
PM161,ContFirst,M,71,5,0,NA,Num,T2,0
PM161,ContFirst,M,71,5,0,NA,Num,T3,0
PM161,ContFirst,M,71,5,0,NA,Num,T4,0
PM161,ContFirst,M,71,5,0,NA,Num,T5,0
PM161,ContFirst,M,71,5,0,NA,Num,T6,0
PM161,ContFirst,M,71,5,0,NA,Num,T7,0
PM161,ContFirst,M,71,5,0,NA,Num,T8,0
PM162,ContFirst,F,48,4,0,NA,Cont,T1,0
PM162,ContFirst,F,48,4,0,NA,Cont,T2,1
PM162,ContFirst,F,48,4,0,NA,Cont,T3,1
PM162,ContFirst,F,48,4,0,NA,Cont,T4,0
PM162,ContFirst,F,48,4,0,NA,Cont,T5,1
PM162,ContFirst,F,48,4,0,NA,Cont,T6,0
PM162,ContFirst,F,48,4,0,NA,Cont,T7,0
PM162,ContFirst,F,48,4,0,NA,Cont,T8,1
PM162,ContFirst,F,48,4,0,NA,Num,T1,1
PM162,ContFirst,F,48,4,0,NA,Num,T2,1
PM162,ContFirst,F,48,4,0,NA,Num,T3,0
PM162,ContFirst,F,48,4,0,NA,Num,T4,1
PM162,ContFirst,F,48,4,0,NA,Num,T5,0
PM162,ContFirst,F,48,4,0,NA,Num,T6,1
PM162,ContFirst,F,48,4,0,NA,Num,T7,1
PM162,ContFirst,F,48,4,0,NA,Num,T8,0
PM163,NumFirst,M,48,4,0,NA,Cont,T1,0
PM163,NumFirst,M,48,4,0,NA,Cont,T2,0
PM163,NumFirst,M,48,4,0,NA,Cont,T3,0
PM163,NumFirst,M,48,4,0,NA,Cont,T4,0
PM163,NumFirst,M,48,4,0,NA,Cont,T5,0
PM163,NumFirst,M,48,4,0,NA,Cont,T6,0
PM163,NumFirst,M,48,4,0,NA,Cont,T7,0
PM163,NumFirst,M,48,4,0,NA,Cont,T8,0
PM163,NumFirst,M,48,4,0,NA,Num,T1,0
PM163,NumFirst,M,48,4,0,NA,Num,T2,0
PM163,NumFirst,M,48,4,0,NA,Num,T3,0
PM163,NumFirst,M,48,4,0,NA,Num,T4,0
PM163,NumFirst,M,48,4,0,NA,Num,T5,0
PM163,NumFirst,M,48,4,0,NA,Num,T6,0
PM163,NumFirst,M,48,4,0,NA,Num,T7,0
PM163,NumFirst,M,48,4,0,NA,Num,T8,0
PM164,ContFirst,F,73,6,0,NA,Cont,T1,1
PM164,ContFirst,F,73,6,0,NA,Cont,T2,1
PM164,ContFirst,F,73,6,0,NA,Cont,T3,1
PM164,ContFirst,F,73,6,0,NA,Cont,T4,1
PM164,ContFirst,F,73,6,0,NA,Cont,T5,1
PM164,ContFirst,F,73,6,0,NA,Cont,T6,1
PM164,ContFirst,F,73,6,0,NA,Cont,T7,1
PM164,ContFirst,F,73,6,0,NA,Cont,T8,1
PM164,ContFirst,F,73,6,0,NA,Num,T1,1
PM164,ContFirst,F,73,6,0,NA,Num,T2,1
PM164,ContFirst,F,73,6,0,NA,Num,T3,1
PM164,ContFirst,F,73,6,0,NA,Num,T4,1
PM164,ContFirst,F,73,6,0,NA,Num,T5,1
PM164,ContFirst,F,73,6,0,NA,Num,T6,1
PM164,ContFirst,F,73,6,0,NA,Num,T7,1
PM164,ContFirst,F,73,6,0,NA,Num,T8,1
PM165,NumFirst,M,73,6,0,NA,Cont,T1,0
PM165,NumFirst,M,73,6,0,NA,Cont,T2,1
PM165,NumFirst,M,73,6,0,NA,Cont,T3,0
PM165,NumFirst,M,73,6,0,NA,Cont,T4,1
PM165,NumFirst,M,73,6,0,NA,Cont,T5,0
PM165,NumFirst,M,73,6,0,NA,Cont,T6,1
PM165,NumFirst,M,73,6,0,NA,Cont,T7,1
PM165,NumFirst,M,73,6,0,NA,Cont,T8,1
PM165,NumFirst,M,73,6,0,NA,Num,T1,0
PM165,NumFirst,M,73,6,0,NA,Num,T2,0
PM165,NumFirst,M,73,6,0,NA,Num,T3,0
PM165,NumFirst,M,73,6,0,NA,Num,T4,0
PM165,NumFirst,M,73,6,0,NA,Num,T5,0
PM165,NumFirst,M,73,6,0,NA,Num,T6,0
PM165,NumFirst,M,73,6,0,NA,Num,T7,0
PM165,NumFirst,M,73,6,0,NA,Num,T8,0
PM166,ContFirst,F,65,5,0,NA,Cont,T1,0
PM166,ContFirst,F,65,5,0,NA,Cont,T2,1
PM166,ContFirst,F,65,5,0,NA,Cont,T3,1
PM166,ContFirst,F,65,5,0,NA,Cont,T4,1
PM166,ContFirst,F,65,5,0,NA,Cont,T5,1
PM166,ContFirst,F,65,5,0,NA,Cont,T6,1
PM166,ContFirst,F,65,5,0,NA,Cont,T7,1
PM166,ContFirst,F,65,5,0,NA,Cont,T8,1
PM166,ContFirst,F,65,5,0,NA,Num,T1,1
PM166,ContFirst,F,65,5,0,NA,Num,T2,1
PM166,ContFirst,F,65,5,0,NA,Num,T3,1
PM166,ContFirst,F,65,5,0,NA,Num,T4,1
PM166,ContFirst,F,65,5,0,NA,Num,T5,0
PM166,ContFirst,F,65,5,0,NA,Num,T6,1
PM166,ContFirst,F,65,5,0,NA,Num,T7,1
PM166,ContFirst,F,65,5,0,NA,Num,T8,1
PM167,ContFirst,F,50,4,0,NA,Cont,T1,0
PM167,ContFirst,F,50,4,0,NA,Cont,T2,0
PM167,ContFirst,F,50,4,0,NA,Cont,T3,1
PM167,ContFirst,F,50,4,0,NA,Cont,T4,0
PM167,ContFirst,F,50,4,0,NA,Cont,T5,1
PM167,ContFirst,F,50,4,0,NA,Cont,T6,1
PM167,ContFirst,F,50,4,0,NA,Cont,T7,0
PM167,ContFirst,F,50,4,0,NA,Cont,T8,1
PM167,ContFirst,F,50,4,0,NA,Num,T1,1
PM167,ContFirst,F,50,4,0,NA,Num,T2,1
PM167,ContFirst,F,50,4,0,NA,Num,T3,0
PM167,ContFirst,F,50,4,0,NA,Num,T4,1
PM167,ContFirst,F,50,4,0,NA,Num,T5,0
PM167,ContFirst,F,50,4,0,NA,Num,T6,0
PM167,ContFirst,F,50,4,0,NA,Num,T7,0
PM167,ContFirst,F,50,4,0,NA,Num,T8,0
PM168,ContFirst,M,73,6,0,NA,Cont,T1,0
PM168,ContFirst,M,73,6,0,NA,Cont,T2,1
PM168,ContFirst,M,73,6,0,NA,Cont,T3,1
PM168,ContFirst,M,73,6,0,NA,Cont,T4,1
PM168,ContFirst,M,73,6,0,NA,Cont,T5,1
PM168,ContFirst,M,73,6,0,NA,Cont,T6,0
PM168,ContFirst,M,73,6,0,NA,Cont,T7,1
PM168,ContFirst,M,73,6,0,NA,Cont,T8,1
PM168,ContFirst,M,73,6,0,NA,Num,T1,1
PM168,ContFirst,M,73,6,0,NA,Num,T2,0
PM168,ContFirst,M,73,6,0,NA,Num,T3,1
PM168,ContFirst,M,73,6,0,NA,Num,T4,1
PM168,ContFirst,M,73,6,0,NA,Num,T5,1
PM168,ContFirst,M,73,6,0,NA,Num,T6,1
PM168,ContFirst,M,73,6,0,NA,Num,T7,1
PM168,ContFirst,M,73,6,0,NA,Num,T8,1
PM169,ContFirst,F,54,4,0,NA,Cont,T1,0
PM169,ContFirst,F,54,4,0,NA,Cont,T2,0
PM169,ContFirst,F,54,4,0,NA,Cont,T3,0
PM169,ContFirst,F,54,4,0,NA,Cont,T4,0
PM169,ContFirst,F,54,4,0,NA,Cont,T5,0
PM169,ContFirst,F,54,4,0,NA,Cont,T6,0
PM169,ContFirst,F,54,4,0,NA,Cont,T7,0
PM169,ContFirst,F,54,4,0,NA,Cont,T8,0
PM169,ContFirst,F,54,4,0,NA,Num,T1,0
PM169,ContFirst,F,54,4,0,NA,Num,T2,0
PM169,ContFirst,F,54,4,0,NA,Num,T3,0
PM169,ContFirst,F,54,4,0,NA,Num,T4,0
PM169,ContFirst,F,54,4,0,NA,Num,T5,0
PM169,ContFirst,F,54,4,0,NA,Num,T6,0
PM169,ContFirst,F,54,4,0,NA,Num,T7,0
PM169,ContFirst,F,54,4,0,NA,Num,T8,0
PM170,NumFirst,M,54,4,0,NA,Cont,T1,0
PM170,NumFirst,M,54,4,0,NA,Cont,T2,0
PM170,NumFirst,M,54,4,0,NA,Cont,T3,0
PM170,NumFirst,M,54,4,0,NA,Cont,T4,0
PM170,NumFirst,M,54,4,0,NA,Cont,T5,0
PM170,NumFirst,M,54,4,0,NA,Cont,T6,0
PM170,NumFirst,M,54,4,0,NA,Cont,T7,0
PM170,NumFirst,M,54,4,0,NA,Cont,T8,0
PM170,NumFirst,M,54,4,0,NA,Num,T1,0
PM170,NumFirst,M,54,4,0,NA,Num,T2,0
PM170,NumFirst,M,54,4,0,NA,Num,T3,0
PM170,NumFirst,M,54,4,0,NA,Num,T4,0
PM170,NumFirst,M,54,4,0,NA,Num,T5,0
PM170,NumFirst,M,54,4,0,NA,Num,T6,0
PM170,NumFirst,M,54,4,0,NA,Num,T7,0
PM170,NumFirst,M,54,4,0,NA,Num,T8,0
PM171,NumFirst,F,57,4,0,NA,Cont,T1,0
PM171,NumFirst,F,57,4,0,NA,Cont,T2,0
PM171,NumFirst,F,57,4,0,NA,Cont,T3,0
PM171,NumFirst,F,57,4,0,NA,Cont,T4,0
PM171,NumFirst,F,57,4,0,NA,Cont,T5,0
PM171,NumFirst,F,57,4,0,NA,Cont,T6,0
PM171,NumFirst,F,57,4,0,NA,Cont,T7,0
PM171,NumFirst,F,57,4,0,NA,Cont,T8,0
PM171,NumFirst,F,57,4,0,NA,Num,T1,0
PM171,NumFirst,F,57,4,0,NA,Num,T2,0
PM171,NumFirst,F,57,4,0,NA,Num,T3,0
PM171,NumFirst,F,57,4,0,NA,Num,T4,0
PM171,NumFirst,F,57,4,0,NA,Num,T5,0
PM171,NumFirst,F,57,4,0,NA,Num,T6,0
PM171,NumFirst,F,57,4,0,NA,Num,T7,0
PM171,NumFirst,F,57,4,0,NA,Num,T8,0
PM172,NumFirst,M,61,5,0,NA,Cont,T1,1
PM172,NumFirst,M,61,5,0,NA,Cont,T2,0
PM172,NumFirst,M,61,5,0,NA,Cont,T3,0
PM172,NumFirst,M,61,5,0,NA,Cont,T4,0
PM172,NumFirst,M,61,5,0,NA,Cont,T5,0
PM172,NumFirst,M,61,5,0,NA,Cont,T6,0
PM172,NumFirst,M,61,5,0,NA,Cont,T7,0
PM172,NumFirst,M,61,5,0,NA,Cont,T8,0
PM172,NumFirst,M,61,5,0,NA,Num,T1,0
PM172,NumFirst,M,61,5,0,NA,Num,T2,0
PM172,NumFirst,M,61,5,0,NA,Num,T3,0
PM172,NumFirst,M,61,5,0,NA,Num,T4,0
PM172,NumFirst,M,61,5,0,NA,Num,T5,0
PM172,NumFirst,M,61,5,0,NA,Num,T6,0
PM172,NumFirst,M,61,5,0,NA,Num,T7,0
PM172,NumFirst,M,61,5,0,NA,Num,T8,0
PM173,NumFirst,M,79,6,0,NA,Cont,T1,0
PM173,NumFirst,M,79,6,0,NA,Cont,T2,1
PM173,NumFirst,M,79,6,0,NA,Cont,T3,0
PM173,NumFirst,M,79,6,0,NA,Cont,T4,0
PM173,NumFirst,M,79,6,0,NA,Cont,T5,0
PM173,NumFirst,M,79,6,0,NA,Cont,T6,0
PM173,NumFirst,M,79,6,0,NA,Cont,T7,0
PM173,NumFirst,M,79,6,0,NA,Cont,T8,0
PM173,NumFirst,M,79,6,0,NA,Num,T1,0
PM173,NumFirst,M,79,6,0,NA,Num,T2,0
PM173,NumFirst,M,79,6,0,NA,Num,T3,0
PM173,NumFirst,M,79,6,0,NA,Num,T4,0
PM173,NumFirst,M,79,6,0,NA,Num,T5,1
PM173,NumFirst,M,79,6,0,NA,Num,T6,0
PM173,NumFirst,M,79,6,0,NA,Num,T7,0
PM173,NumFirst,M,79,6,0,NA,Num,T8,0
PM174,ContFirst,M,51,4,0,NA,Cont,T1,1
PM174,ContFirst,M,51,4,0,NA,Cont,T2,0
PM174,ContFirst,M,51,4,0,NA,Cont,T3,0
PM174,ContFirst,M,51,4,0,NA,Cont,T4,0
PM174,ContFirst,M,51,4,0,NA,Cont,T5,0
PM174,ContFirst,M,51,4,0,NA,Cont,T6,0
PM174,ContFirst,M,51,4,0,NA,Cont,T7,0
PM174,ContFirst,M,51,4,0,NA,Cont,T8,0
PM174,ContFirst,M,51,4,0,NA,Num,T1,0
PM174,ContFirst,M,51,4,0,NA,Num,T2,1
PM174,ContFirst,M,51,4,0,NA,Num,T3,1
PM174,ContFirst,M,51,4,0,NA,Num,T4,1
PM174,ContFirst,M,51,4,0,NA,Num,T5,0
PM174,ContFirst,M,51,4,0,NA,Num,T6,0
PM174,ContFirst,M,51,4,0,NA,Num,T7,0
PM174,ContFirst,M,51,4,0,NA,Num,T8,0
PM175,NumFirst,F,82,6,0,NA,Cont,T1,1
PM175,NumFirst,F,82,6,0,NA,Cont,T2,0
PM175,NumFirst,F,82,6,0,NA,Cont,T3,0
PM175,NumFirst,F,82,6,0,NA,Cont,T4,0
PM175,NumFirst,F,82,6,0,NA,Cont,T5,0
PM175,NumFirst,F,82,6,0,NA,Cont,T6,0
PM175,NumFirst,F,82,6,0,NA,Cont,T7,0
PM175,NumFirst,F,82,6,0,NA,Cont,T8,0
PM175,NumFirst,F,82,6,0,NA,Num,T1,0
PM175,NumFirst,F,82,6,0,NA,Num,T2,0
PM175,NumFirst,F,82,6,0,NA,Num,T3,0
PM175,NumFirst,F,82,6,0,NA,Num,T4,0
PM175,NumFirst,F,82,6,0,NA,Num,T5,0
PM175,NumFirst,F,82,6,0,NA,Num,T6,0
PM175,NumFirst,F,82,6,0,NA,Num,T7,0
PM175,NumFirst,F,82,6,0,NA,Num,T8,0
PM176,ContFirst,M,80,6,0,NA,Cont,T1,0
PM176,ContFirst,M,80,6,0,NA,Cont,T2,1
PM176,ContFirst,M,80,6,0,NA,Cont,T3,0
PM176,ContFirst,M,80,6,0,NA,Cont,T4,0
PM176,ContFirst,M,80,6,0,NA,Cont,T5,0
PM176,ContFirst,M,80,6,0,NA,Cont,T6,1
PM176,ContFirst,M,80,6,0,NA,Cont,T7,0
PM176,ContFirst,M,80,6,0,NA,Cont,T8,0
PM176,ContFirst,M,80,6,0,NA,Num,T1,1
PM176,ContFirst,M,80,6,0,NA,Num,T2,1
PM176,ContFirst,M,80,6,0,NA,Num,T3,1
PM176,ContFirst,M,80,6,0,NA,Num,T4,1
PM176,ContFirst,M,80,6,0,NA,Num,T5,1
PM176,ContFirst,M,80,6,0,NA,Num,T6,1
PM176,ContFirst,M,80,6,0,NA,Num,T7,1
PM176,ContFirst,M,80,6,0,NA,Num,T8,1
PM177,ContFirst,F,83,6,0,NA,Cont,T1,1
PM177,ContFirst,F,83,6,0,NA,Cont,T2,1
PM177,ContFirst,F,83,6,0,NA,Cont,T3,1
PM177,ContFirst,F,83,6,0,NA,Cont,T4,1
PM177,ContFirst,F,83,6,0,NA,Cont,T5,1
PM177,ContFirst,F,83,6,0,NA,Cont,T6,1
PM177,ContFirst,F,83,6,0,NA,Cont,T7,1
PM177,ContFirst,F,83,6,0,NA,Cont,T8,1
PM177,ContFirst,F,83,6,0,NA,Num,T1,0
PM177,ContFirst,F,83,6,0,NA,Num,T2,0
PM177,ContFirst,F,83,6,0,NA,Num,T3,0
PM177,ContFirst,F,83,6,0,NA,Num,T4,0
PM177,ContFirst,F,83,6,0,NA,Num,T5,0
PM177,ContFirst,F,83,6,0,NA,Num,T6,0
PM177,ContFirst,F,83,6,0,NA,Num,T7,0
PM177,ContFirst,F,83,6,0,NA,Num,T8,0
PM178,NumFirst,F,83,6,0,NA,Cont,T1,1
PM178,NumFirst,F,83,6,0,NA,Cont,T2,1
PM178,NumFirst,F,83,6,0,NA,Cont,T3,1
PM178,NumFirst,F,83,6,0,NA,Cont,T4,1
PM178,NumFirst,F,83,6,0,NA,Cont,T5,1
PM178,NumFirst,F,83,6,0,NA,Cont,T6,1
PM178,NumFirst,F,83,6,0,NA,Cont,T7,1
PM178,NumFirst,F,83,6,0,NA,Cont,T8,1
PM178,NumFirst,F,83,6,0,NA,Num,T1,0
PM178,NumFirst,F,83,6,0,NA,Num,T2,0
PM178,NumFirst,F,83,6,0,NA,Num,T3,0
PM178,NumFirst,F,83,6,0,NA,Num,T4,0
PM178,NumFirst,F,83,6,0,NA,Num,T5,0
PM178,NumFirst,F,83,6,0,NA,Num,T6,0
PM178,NumFirst,F,83,6,0,NA,Num,T7,0
PM178,NumFirst,F,83,6,0,NA,Num,T8,0
PM179,ContFirst,F,54,4,0,NA,Cont,T1,1
PM179,ContFirst,F,54,4,0,NA,Cont,T2,0
PM179,ContFirst,F,54,4,0,NA,Cont,T3,1
PM179,ContFirst,F,54,4,0,NA,Cont,T4,0
PM179,ContFirst,F,54,4,0,NA,Cont,T5,1
PM179,ContFirst,F,54,4,0,NA,Cont,T6,1
PM179,ContFirst,F,54,4,0,NA,Cont,T7,0
PM179,ContFirst,F,54,4,0,NA,Cont,T8,1
PM179,ContFirst,F,54,4,0,NA,Num,T1,0
PM179,ContFirst,F,54,4,0,NA,Num,T2,0
PM179,ContFirst,F,54,4,0,NA,Num,T3,1
PM179,ContFirst,F,54,4,0,NA,Num,T4,0
PM179,ContFirst,F,54,4,0,NA,Num,T5,1
PM179,ContFirst,F,54,4,0,NA,Num,T6,1
PM179,ContFirst,F,54,4,0,NA,Num,T7,1
PM179,ContFirst,F,54,4,0,NA,Num,T8,1
PM180,NumFirst,M,63,5,0,NA,Cont,T1,0
PM180,NumFirst,M,63,5,0,NA,Cont,T2,0
PM180,NumFirst,M,63,5,0,NA,Cont,T3,0
PM180,NumFirst,M,63,5,0,NA,Cont,T4,0
PM180,NumFirst,M,63,5,0,NA,Cont,T5,0
PM180,NumFirst,M,63,5,0,NA,Cont,T6,0
PM180,NumFirst,M,63,5,0,NA,Cont,T7,0
PM180,NumFirst,M,63,5,0,NA,Cont,T8,0
PM180,NumFirst,M,63,5,0,NA,Num,T1,0
PM180,NumFirst,M,63,5,0,NA,Num,T2,0
PM180,NumFirst,M,63,5,0,NA,Num,T3,0
PM180,NumFirst,M,63,5,0,NA,Num,T4,0
PM180,NumFirst,M,63,5,0,NA,Num,T5,0
PM180,NumFirst,M,63,5,0,NA,Num,T6,0
PM180,NumFirst,M,63,5,0,NA,Num,T7,0
PM180,NumFirst,M,63,5,0,NA,Num,T8,0
PM181,NumFirst,F,49,4,0,NA,Cont,T1,1
PM181,NumFirst,F,49,4,0,NA,Cont,T2,0
PM181,NumFirst,F,49,4,0,NA,Cont,T3,1
PM181,NumFirst,F,49,4,0,NA,Cont,T4,1
PM181,NumFirst,F,49,4,0,NA,Cont,T5,1
PM181,NumFirst,F,49,4,0,NA,Cont,T6,1
PM181,NumFirst,F,49,4,0,NA,Cont,T7,1
PM181,NumFirst,F,49,4,0,NA,Cont,T8,1
PM181,NumFirst,F,49,4,0,NA,Num,T1,1
PM181,NumFirst,F,49,4,0,NA,Num,T2,0
PM181,NumFirst,F,49,4,0,NA,Num,T3,1
PM181,NumFirst,F,49,4,0,NA,Num,T4,0
PM181,NumFirst,F,49,4,0,NA,Num,T5,0
PM181,NumFirst,F,49,4,0,NA,Num,T6,1
PM181,NumFirst,F,49,4,0,NA,Num,T7,1
PM181,NumFirst,F,49,4,0,NA,Num,T8,1
PM182,NumFirst,F,49,4,0,NA,Cont,T1,0
PM182,NumFirst,F,49,4,0,NA,Cont,T2,1
PM182,NumFirst,F,49,4,0,NA,Cont,T3,0
PM182,NumFirst,F,49,4,0,NA,Cont,T4,1
PM182,NumFirst,F,49,4,0,NA,Cont,T5,0
PM182,NumFirst,F,49,4,0,NA,Cont,T6,0
PM182,NumFirst,F,49,4,0,NA,Cont,T7,1
PM182,NumFirst,F,49,4,0,NA,Cont,T8,0
PM182,NumFirst,F,49,4,0,NA,Num,T1,0
PM182,NumFirst,F,49,4,0,NA,Num,T2,0
PM182,NumFirst,F,49,4,0,NA,Num,T3,0
PM182,NumFirst,F,49,4,0,NA,Num,T4,0
PM182,NumFirst,F,49,4,0,NA,Num,T5,0
PM182,NumFirst,F,49,4,0,NA,Num,T6,0
PM182,NumFirst,F,49,4,0,NA,Num,T7,0
PM182,NumFirst,F,49,4,0,NA,Num,T8,0
PM183,ContFirst,F,54,4,0,NA,Cont,T1,0
PM183,ContFirst,F,54,4,0,NA,Cont,T2,0
PM183,ContFirst,F,54,4,0,NA,Cont,T3,0
PM183,ContFirst,F,54,4,0,NA,Cont,T4,0
PM183,ContFirst,F,54,4,0,NA,Cont,T5,0
PM183,ContFirst,F,54,4,0,NA,Cont,T6,0
PM183,ContFirst,F,54,4,0,NA,Cont,T7,0
PM183,ContFirst,F,54,4,0,NA,Cont,T8,0
PM183,ContFirst,F,54,4,0,NA,Num,T1,0
PM183,ContFirst,F,54,4,0,NA,Num,T2,0
PM183,ContFirst,F,54,4,0,NA,Num,T3,0
PM183,ContFirst,F,54,4,0,NA,Num,T4,0
PM183,ContFirst,F,54,4,0,NA,Num,T5,0
PM183,ContFirst,F,54,4,0,NA,Num,T6,0
PM183,ContFirst,F,54,4,0,NA,Num,T7,0
PM183,ContFirst,F,54,4,0,NA,Num,T8,0
PM184,ContFirst,M,65,5,0,NA,Cont,T1,0
PM184,ContFirst,M,65,5,0,NA,Cont,T2,1
PM184,ContFirst,M,65,5,0,NA,Cont,T3,0
PM184,ContFirst,M,65,5,0,NA,Cont,T4,0
PM184,ContFirst,M,65,5,0,NA,Cont,T5,0
PM184,ContFirst,M,65,5,0,NA,Cont,T6,0
PM184,ContFirst,M,65,5,0,NA,Cont,T7,0
PM184,ContFirst,M,65,5,0,NA,Cont,T8,0
PM184,ContFirst,M,65,5,0,NA,Num,T1,0
PM184,ContFirst,M,65,5,0,NA,Num,T2,0
PM184,ContFirst,M,65,5,0,NA,Num,T3,0
PM184,ContFirst,M,65,5,0,NA,Num,T4,0
PM184,ContFirst,M,65,5,0,NA,Num,T5,0
PM184,ContFirst,M,65,5,0,NA,Num,T6,0
PM184,ContFirst,M,65,5,0,NA,Num,T7,0
PM184,ContFirst,M,65,5,0,NA,Num,T8,0
PM185,ContFirst,F,54,4,0,NA,Cont,T1,0
PM185,ContFirst,F,54,4,0,NA,Cont,T2,0
PM185,ContFirst,F,54,4,0,NA,Cont,T3,1
PM185,ContFirst,F,54,4,0,NA,Cont,T4,1
PM185,ContFirst,F,54,4,0,NA,Cont,T5,1
PM185,ContFirst,F,54,4,0,NA,Cont,T6,1
PM185,ContFirst,F,54,4,0,NA,Cont,T7,0
PM185,ContFirst,F,54,4,0,NA,Cont,T8,1
PM185,ContFirst,F,54,4,0,NA,Num,T1,1
PM185,ContFirst,F,54,4,0,NA,Num,T2,1
PM185,ContFirst,F,54,4,0,NA,Num,T3,1
PM185,ContFirst,F,54,4,0,NA,Num,T4,1
PM185,ContFirst,F,54,4,0,NA,Num,T5,1
PM185,ContFirst,F,54,4,0,NA,Num,T6,1
PM185,ContFirst,F,54,4,0,NA,Num,T7,1
PM185,ContFirst,F,54,4,0,NA,Num,T8,1
PM186,NumFirst,F,64,5,0,NA,Cont,T1,1
PM186,NumFirst,F,64,5,0,NA,Cont,T2,1
PM186,NumFirst,F,64,5,0,NA,Cont,T3,1
PM186,NumFirst,F,64,5,0,NA,Cont,T4,1
PM186,NumFirst,F,64,5,0,NA,Cont,T5,1
PM186,NumFirst,F,64,5,0,NA,Cont,T6,1
PM186,NumFirst,F,64,5,0,NA,Cont,T7,1
PM186,NumFirst,F,64,5,0,NA,Cont,T8,1
PM186,NumFirst,F,64,5,0,NA,Num,T1,0
PM186,NumFirst,F,64,5,0,NA,Num,T2,0
PM186,NumFirst,F,64,5,0,NA,Num,T3,0
PM186,NumFirst,F,64,5,0,NA,Num,T4,0
PM186,NumFirst,F,64,5,0,NA,Num,T5,0
PM186,NumFirst,F,64,5,0,NA,Num,T6,0
PM186,NumFirst,F,64,5,0,NA,Num,T7,0
PM186,NumFirst,F,64,5,0,NA,Num,T8,0
PM187,NumFirst,M,83,6,0,NA,Cont,T1,0
PM187,NumFirst,M,83,6,0,NA,Cont,T2,0
PM187,NumFirst,M,83,6,0,NA,Cont,T3,0
PM187,NumFirst,M,83,6,0,NA,Cont,T4,0
PM187,NumFirst,M,83,6,0,NA,Cont,T5,0
PM187,NumFirst,M,83,6,0,NA,Cont,T6,0
PM187,NumFirst,M,83,6,0,NA,Cont,T7,0
PM187,NumFirst,M,83,6,0,NA,Cont,T8,0
PM187,NumFirst,M,83,6,0,NA,Num,T1,0
PM187,NumFirst,M,83,6,0,NA,Num,T2,0
PM187,NumFirst,M,83,6,0,NA,Num,T3,0
PM187,NumFirst,M,83,6,0,NA,Num,T4,0
PM187,NumFirst,M,83,6,0,NA,Num,T5,0
PM187,NumFirst,M,83,6,0,NA,Num,T6,0
PM187,NumFirst,M,83,6,0,NA,Num,T7,0
PM187,NumFirst,M,83,6,0,NA,Num,T8,0
PM188,NumFirst,M,59,4,0,NA,Cont,T1,0
PM188,NumFirst,M,59,4,0,NA,Cont,T2,0
PM188,NumFirst,M,59,4,0,NA,Cont,T3,0
PM188,NumFirst,M,59,4,0,NA,Cont,T4,0
PM188,NumFirst,M,59,4,0,NA,Cont,T5,0
PM188,NumFirst,M,59,4,0,NA,Cont,T6,0
PM188,NumFirst,M,59,4,0,NA,Cont,T7,0
PM188,NumFirst,M,59,4,0,NA,Cont,T8,0
PM188,NumFirst,M,59,4,0,NA,Num,T1,0
PM188,NumFirst,M,59,4,0,NA,Num,T2,0
PM188,NumFirst,M,59,4,0,NA,Num,T3,0
PM188,NumFirst,M,59,4,0,NA,Num,T4,0
PM188,NumFirst,M,59,4,0,NA,Num,T5,0
PM188,NumFirst,M,59,4,0,NA,Num,T6,0
PM188,NumFirst,M,59,4,0,NA,Num,T7,0
PM188,NumFirst,M,59,4,0,NA,Num,T8,0
PM189,ContFirst,M,51,4,0,NA,Cont,T1,0
PM189,ContFirst,M,51,4,0,NA,Cont,T2,1
PM189,ContFirst,M,51,4,0,NA,Cont,T3,1
PM189,ContFirst,M,51,4,0,NA,Cont,T4,1
PM189,ContFirst,M,51,4,0,NA,Cont,T5,1
PM189,ContFirst,M,51,4,0,NA,Cont,T6,1
PM189,ContFirst,M,51,4,0,NA,Cont,T7,1
PM189,ContFirst,M,51,4,0,NA,Cont,T8,1
PM189,ContFirst,M,51,4,0,NA,Num,T1,0
PM189,ContFirst,M,51,4,0,NA,Num,T2,1
PM189,ContFirst,M,51,4,0,NA,Num,T3,1
PM189,ContFirst,M,51,4,0,NA,Num,T4,1
PM189,ContFirst,M,51,4,0,NA,Num,T5,1
PM189,ContFirst,M,51,4,0,NA,Num,T6,1
PM189,ContFirst,M,51,4,0,NA,Num,T7,1
PM189,ContFirst,M,51,4,0,NA,Num,T8,0
PM190,ContFirst,M,77,6,0,NA,Cont,T1,1
PM190,ContFirst,M,77,6,0,NA,Cont,T2,1
PM190,ContFirst,M,77,6,0,NA,Cont,T3,1
PM190,ContFirst,M,77,6,0,NA,Cont,T4,1
PM190,ContFirst,M,77,6,0,NA,Cont,T5,1
PM190,ContFirst,M,77,6,0,NA,Cont,T6,1
PM190,ContFirst,M,77,6,0,NA,Cont,T7,1
PM190,ContFirst,M,77,6,0,NA,Cont,T8,1
PM190,ContFirst,M,77,6,0,NA,Num,T1,1
PM190,ContFirst,M,77,6,0,NA,Num,T2,1
PM190,ContFirst,M,77,6,0,NA,Num,T3,1
PM190,ContFirst,M,77,6,0,NA,Num,T4,1
PM190,ContFirst,M,77,6,0,NA,Num,T5,1
PM190,ContFirst,M,77,6,0,NA,Num,T6,1
PM190,ContFirst,M,77,6,0,NA,Num,T7,1
PM190,ContFirst,M,77,6,0,NA,Num,T8,1
PM191,NumFirst,M,50,4,0,NA,Cont,T1,1
PM191,NumFirst,M,50,4,0,NA,Cont,T2,1
PM191,NumFirst,M,50,4,0,NA,Cont,T3,1
PM191,NumFirst,M,50,4,0,NA,Cont,T4,1
PM191,NumFirst,M,50,4,0,NA,Cont,T5,1
PM191,NumFirst,M,50,4,0,NA,Cont,T6,1
PM191,NumFirst,M,50,4,0,NA,Cont,T7,1
PM191,NumFirst,M,50,4,0,NA,Cont,T8,1
PM191,NumFirst,M,50,4,0,NA,Num,T1,1
PM191,NumFirst,M,50,4,0,NA,Num,T2,1
PM191,NumFirst,M,50,4,0,NA,Num,T3,1
PM191,NumFirst,M,50,4,0,NA,Num,T4,1
PM191,NumFirst,M,50,4,0,NA,Num,T5,1
PM191,NumFirst,M,50,4,0,NA,Num,T6,1
PM191,NumFirst,M,50,4,0,NA,Num,T7,1
PM191,NumFirst,M,50,4,0,NA,Num,T8,1
PM192,ContFirst,F,53,4,0,NA,Cont,T1,1
PM192,ContFirst,F,53,4,0,NA,Cont,T2,1
PM192,ContFirst,F,53,4,0,NA,Cont,T3,1
PM192,ContFirst,F,53,4,0,NA,Cont,T4,1
PM192,ContFirst,F,53,4,0,NA,Cont,T5,1
PM192,ContFirst,F,53,4,0,NA,Cont,T6,1
PM192,ContFirst,F,53,4,0,NA,Cont,T7,1
PM192,ContFirst,F,53,4,0,NA,Cont,T8,1
PM192,ContFirst,F,53,4,0,NA,Num,T1,1
PM192,ContFirst,F,53,4,0,NA,Num,T2,1
PM192,ContFirst,F,53,4,0,NA,Num,T3,1
PM192,ContFirst,F,53,4,0,NA,Num,T4,1
PM192,ContFirst,F,53,4,0,NA,Num,T5,1
PM192,ContFirst,F,53,4,0,NA,Num,T6,1
PM192,ContFirst,F,53,4,0,NA,Num,T7,1
PM192,ContFirst,F,53,4,0,NA,Num,T8,1
PM193,NumFirst,M,49,4,0,NA,Cont,T1,0
PM193,NumFirst,M,49,4,0,NA,Cont,T2,0
PM193,NumFirst,M,49,4,0,NA,Cont,T3,0
PM193,NumFirst,M,49,4,0,NA,Cont,T4,1
PM193,NumFirst,M,49,4,0,NA,Cont,T5,1
PM193,NumFirst,M,49,4,0,NA,Cont,T6,1
PM193,NumFirst,M,49,4,0,NA,Cont,T7,0
PM193,NumFirst,M,49,4,0,NA,Cont,T8,1
PM193,NumFirst,M,49,4,0,NA,Num,T1,1
PM193,NumFirst,M,49,4,0,NA,Num,T2,1
PM193,NumFirst,M,49,4,0,NA,Num,T3,1
PM193,NumFirst,M,49,4,0,NA,Num,T4,1
PM193,NumFirst,M,49,4,0,NA,Num,T5,1
PM193,NumFirst,M,49,4,0,NA,Num,T6,1
PM193,NumFirst,M,49,4,0,NA,Num,T7,0
PM193,NumFirst,M,49,4,0,NA,Num,T8,1
PM194,ContFirst,F,60,4,0,NA,Cont,T1,1
PM194,ContFirst,F,60,4,0,NA,Cont,T2,1
PM194,ContFirst,F,60,4,0,NA,Cont,T3,1
PM194,ContFirst,F,60,4,0,NA,Cont,T4,1
PM194,ContFirst,F,60,4,0,NA,Cont,T5,1
PM194,ContFirst,F,60,4,0,NA,Cont,T6,1
PM194,ContFirst,F,60,4,0,NA,Cont,T7,1
PM194,ContFirst,F,60,4,0,NA,Cont,T8,1
PM194,ContFirst,F,60,4,0,NA,Num,T1,1
PM194,ContFirst,F,60,4,0,NA,Num,T2,1
PM194,ContFirst,F,60,4,0,NA,Num,T3,1
PM194,ContFirst,F,60,4,0,NA,Num,T4,1
PM194,ContFirst,F,60,4,0,NA,Num,T5,1
PM194,ContFirst,F,60,4,0,NA,Num,T6,0
PM194,ContFirst,F,60,4,0,NA,Num,T7,1
PM194,ContFirst,F,60,4,0,NA,Num,T8,1
PM195,NumFirst,F,48,4,0,NA,Cont,T1,1
PM195,NumFirst,F,48,4,0,NA,Cont,T2,1
PM195,NumFirst,F,48,4,0,NA,Cont,T3,1
PM195,NumFirst,F,48,4,0,NA,Cont,T4,0
PM195,NumFirst,F,48,4,0,NA,Cont,T5,1
PM195,NumFirst,F,48,4,0,NA,Cont,T6,1
PM195,NumFirst,F,48,4,0,NA,Cont,T7,1
PM195,NumFirst,F,48,4,0,NA,Cont,T8,1
PM195,NumFirst,F,48,4,0,NA,Num,T1,1
PM195,NumFirst,F,48,4,0,NA,Num,T2,1
PM195,NumFirst,F,48,4,0,NA,Num,T3,1
PM195,NumFirst,F,48,4,0,NA,Num,T4,1
PM195,NumFirst,F,48,4,0,NA,Num,T5,1
PM195,NumFirst,F,48,4,0,NA,Num,T6,1
PM195,NumFirst,F,48,4,0,NA,Num,T7,1
PM195,NumFirst,F,48,4,0,NA,Num,T8,1
PM196,ContFirst,F,56,4,0,NA,Cont,T1,1
PM196,ContFirst,F,56,4,0,NA,Cont,T2,1
PM196,ContFirst,F,56,4,0,NA,Cont,T3,1
PM196,ContFirst,F,56,4,0,NA,Cont,T4,1
PM196,ContFirst,F,56,4,0,NA,Cont,T5,1
PM196,ContFirst,F,56,4,0,NA,Cont,T6,1
PM196,ContFirst,F,56,4,0,NA,Cont,T7,1
PM196,ContFirst,F,56,4,0,NA,Cont,T8,1
PM196,ContFirst,F,56,4,0,NA,Num,T1,1
PM196,ContFirst,F,56,4,0,NA,Num,T2,1
PM196,ContFirst,F,56,4,0,NA,Num,T3,0
PM196,ContFirst,F,56,4,0,NA,Num,T4,0
PM196,ContFirst,F,56,4,0,NA,Num,T5,0
PM196,ContFirst,F,56,4,0,NA,Num,T6,0
PM196,ContFirst,F,56,4,0,NA,Num,T7,0
PM196,ContFirst,F,56,4,0,NA,Num,T8,0
PM197,ContFirst,M,72,6,0,NA,Cont,T1,0
PM197,ContFirst,M,72,6,0,NA,Cont,T2,0
PM197,ContFirst,M,72,6,0,NA,Cont,T3,0
PM197,ContFirst,M,72,6,0,NA,Cont,T4,0
PM197,ContFirst,M,72,6,0,NA,Cont,T5,0
PM197,ContFirst,M,72,6,0,NA,Cont,T6,0
PM197,ContFirst,M,72,6,0,NA,Cont,T7,0
PM197,ContFirst,M,72,6,0,NA,Cont,T8,0
PM197,ContFirst,M,72,6,0,NA,Num,T1,0
PM197,ContFirst,M,72,6,0,NA,Num,T2,0
PM197,ContFirst,M,72,6,0,NA,Num,T3,0
PM197,ContFirst,M,72,6,0,NA,Num,T4,0
PM197,ContFirst,M,72,6,0,NA,Num,T5,0
PM197,ContFirst,M,72,6,0,NA,Num,T6,0
PM197,ContFirst,M,72,6,0,NA,Num,T7,0
PM197,ContFirst,M,72,6,0,NA,Num,T8,0
PM198,NumFirst,F,74,6,0,NA,Cont,T1,1
PM198,NumFirst,F,74,6,0,NA,Cont,T2,1
PM198,NumFirst,F,74,6,0,NA,Cont,T3,1
PM198,NumFirst,F,74,6,0,NA,Cont,T4,1
PM198,NumFirst,F,74,6,0,NA,Cont,T5,1
PM198,NumFirst,F,74,6,0,NA,Cont,T6,1
PM198,NumFirst,F,74,6,0,NA,Cont,T7,1
PM198,NumFirst,F,74,6,0,NA,Cont,T8,1
PM198,NumFirst,F,74,6,0,NA,Num,T1,0
PM198,NumFirst,F,74,6,0,NA,Num,T2,0
PM198,NumFirst,F,74,6,0,NA,Num,T3,0
PM198,NumFirst,F,74,6,0,NA,Num,T4,0
PM198,NumFirst,F,74,6,0,NA,Num,T5,0
PM198,NumFirst,F,74,6,0,NA,Num,T6,0
PM198,NumFirst,F,74,6,0,NA,Num,T7,0
PM198,NumFirst,F,74,6,0,NA,Num,T8,0
PM199,NumFirst,F,83,6,0,NA,Cont,T1,0
PM199,NumFirst,F,83,6,0,NA,Cont,T2,0
PM199,NumFirst,F,83,6,0,NA,Cont,T3,0
PM199,NumFirst,F,83,6,0,NA,Cont,T4,0
PM199,NumFirst,F,83,6,0,NA,Cont,T5,0
PM199,NumFirst,F,83,6,0,NA,Cont,T6,0
PM199,NumFirst,F,83,6,0,NA,Cont,T7,0
PM199,NumFirst,F,83,6,0,NA,Cont,T8,1
PM199,NumFirst,F,83,6,0,NA,Num,T1,0
PM199,NumFirst,F,83,6,0,NA,Num,T2,0
PM199,NumFirst,F,83,6,0,NA,Num,T3,0
PM199,NumFirst,F,83,6,0,NA,Num,T4,0
PM199,NumFirst,F,83,6,0,NA,Num,T5,0
PM199,NumFirst,F,83,6,0,NA,Num,T6,0
PM199,NumFirst,F,83,6,0,NA,Num,T7,0
PM199,NumFirst,F,83,6,0,NA,Num,T8,0
PM200,NumFirst,M,73,6,0,NA,Cont,T1,1
PM200,NumFirst,M,73,6,0,NA,Cont,T2,1
PM200,NumFirst,M,73,6,0,NA,Cont,T3,1
PM200,NumFirst,M,73,6,0,NA,Cont,T4,1
PM200,NumFirst,M,73,6,0,NA,Cont,T5,1
PM200,NumFirst,M,73,6,0,NA,Cont,T6,1
PM200,NumFirst,M,73,6,0,NA,Cont,T7,1
PM200,NumFirst,M,73,6,0,NA,Cont,T8,1
PM200,NumFirst,M,73,6,0,NA,Num,T1,0
PM200,NumFirst,M,73,6,0,NA,Num,T2,0
PM200,NumFirst,M,73,6,0,NA,Num,T3,1
PM200,NumFirst,M,73,6,0,NA,Num,T4,0
PM200,NumFirst,M,73,6,0,NA,Num,T5,1
PM200,NumFirst,M,73,6,0,NA,Num,T6,1
PM200,NumFirst,M,73,6,0,NA,Num,T7,1
PM200,NumFirst,M,73,6,0,NA,Num,T8,1
PM201,NumFirst,M,75,6,0,NA,Cont,T1,1
PM201,NumFirst,M,75,6,0,NA,Cont,T2,1
PM201,NumFirst,M,75,6,0,NA,Cont,T3,1
PM201,NumFirst,M,75,6,0,NA,Cont,T4,1
PM201,NumFirst,M,75,6,0,NA,Cont,T5,1
PM201,NumFirst,M,75,6,0,NA,Cont,T6,1
PM201,NumFirst,M,75,6,0,NA,Cont,T7,1
PM201,NumFirst,M,75,6,0,NA,Cont,T8,1
PM201,NumFirst,M,75,6,0,NA,Num,T1,1
PM201,NumFirst,M,75,6,0,NA,Num,T2,1
PM201,NumFirst,M,75,6,0,NA,Num,T3,0
PM201,NumFirst,M,75,6,0,NA,Num,T4,1
PM201,NumFirst,M,75,6,0,NA,Num,T5,1
PM201,NumFirst,M,75,6,0,NA,Num,T6,1
PM201,NumFirst,M,75,6,0,NA,Num,T7,1
PM201,NumFirst,M,75,6,0,NA,Num,T8,1
PM202,NumFirst,M,74,6,0,NA,Cont,T1,1
PM202,NumFirst,M,74,6,0,NA,Cont,T2,1
PM202,NumFirst,M,74,6,0,NA,Cont,T3,1
PM202,NumFirst,M,74,6,0,NA,Cont,T4,1
PM202,NumFirst,M,74,6,0,NA,Cont,T5,1
PM202,NumFirst,M,74,6,0,NA,Cont,T6,1
PM202,NumFirst,M,74,6,0,NA,Cont,T7,1
PM202,NumFirst,M,74,6,0,NA,Cont,T8,1
PM202,NumFirst,M,74,6,0,NA,Num,T1,0
PM202,NumFirst,M,74,6,0,NA,Num,T2,0
PM202,NumFirst,M,74,6,0,NA,Num,T3,0
PM202,NumFirst,M,74,6,0,NA,Num,T4,0
PM202,NumFirst,M,74,6,0,NA,Num,T5,0
PM202,NumFirst,M,74,6,0,NA,Num,T6,0
PM202,NumFirst,M,74,6,0,NA,Num,T7,0
PM202,NumFirst,M,74,6,0,NA,Num,T8,0
PM203,ContFirst,F,73,6,0,NA,Cont,T1,1
PM203,ContFirst,F,73,6,0,NA,Cont,T2,1
PM203,ContFirst,F,73,6,0,NA,Cont,T3,1
PM203,ContFirst,F,73,6,0,NA,Cont,T4,1
PM203,ContFirst,F,73,6,0,NA,Cont,T5,1
PM203,ContFirst,F,73,6,0,NA,Cont,T6,1
PM203,ContFirst,F,73,6,0,NA,Cont,T7,1
PM203,ContFirst,F,73,6,0,NA,Cont,T8,1
PM203,ContFirst,F,73,6,0,NA,Num,T1,0
PM203,ContFirst,F,73,6,0,NA,Num,T2,0
PM203,ContFirst,F,73,6,0,NA,Num,T3,0
PM203,ContFirst,F,73,6,0,NA,Num,T4,0
PM203,ContFirst,F,73,6,0,NA,Num,T5,0
PM203,ContFirst,F,73,6,0,NA,Num,T6,0
PM203,ContFirst,F,73,6,0,NA,Num,T7,0
PM203,ContFirst,F,73,6,0,NA,Num,T8,0
PM204,NA,M,52,4,1,"kid wouldn't pay attention on first trial, so parent rephrased as ""tell her who has more - why don't you count them?""; so parental interference right away, didn't finish study b/c of that.",NA,NA,NA
PM205,NumFirst,F,59,4,0,NA,Cont,T1,0
PM205,NumFirst,F,59,4,0,NA,Cont,T2,0
PM205,NumFirst,F,59,4,0,NA,Cont,T3,0
PM205,NumFirst,F,59,4,0,NA,Cont,T4,0
PM205,NumFirst,F,59,4,0,NA,Cont,T5,0
PM205,NumFirst,F,59,4,0,NA,Cont,T6,0
PM205,NumFirst,F,59,4,0,NA,Cont,T7,0
PM205,NumFirst,F,59,4,0,NA,Cont,T8,0
PM205,NumFirst,F,59,4,0,NA,Num,T1,1
PM205,NumFirst,F,59,4,0,NA,Num,T2,0
PM205,NumFirst,F,59,4,0,NA,Num,T3,0
PM205,NumFirst,F,59,4,0,NA,Num,T4,0
PM205,NumFirst,F,59,4,0,NA,Num,T5,0
PM205,NumFirst,F,59,4,0,NA,Num,T6,0
PM205,NumFirst,F,59,4,0,NA,Num,T7,0
PM205,NumFirst,F,59,4,0,NA,Num,T8,0
PM206,NumFirst,M,76,6,0,NA,Cont,T1,0
PM206,NumFirst,M,76,6,0,NA,Cont,T2,0
PM206,NumFirst,M,76,6,0,NA,Cont,T3,0
PM206,NumFirst,M,76,6,0,NA,Cont,T4,0
PM206,NumFirst,M,76,6,0,NA,Cont,T5,0
PM206,NumFirst,M,76,6,0,NA,Cont,T6,0
PM206,NumFirst,M,76,6,0,NA,Cont,T7,0
PM206,NumFirst,M,76,6,0,NA,Cont,T8,0
PM206,NumFirst,M,76,6,0,NA,Num,T1,0
PM206,NumFirst,M,76,6,0,NA,Num,T2,0
PM206,NumFirst,M,76,6,0,NA,Num,T3,0
PM206,NumFirst,M,76,6,0,NA,Num,T4,0
PM206,NumFirst,M,76,6,0,NA,Num,T5,0
PM206,NumFirst,M,76,6,0,NA,Num,T6,0
PM206,NumFirst,M,76,6,0,NA,Num,T7,0
PM206,NumFirst,M,76,6,0,NA,Num,T8,0
PM207,NumFirst,F,76,6,0,NA,Cont,T1,1
PM207,NumFirst,F,76,6,0,NA,Cont,T2,1
PM207,NumFirst,F,76,6,0,NA,Cont,T3,1
PM207,NumFirst,F,76,6,0,NA,Cont,T4,1
PM207,NumFirst,F,76,6,0,NA,Cont,T5,1
PM207,NumFirst,F,76,6,0,NA,Cont,T6,1
PM207,NumFirst,F,76,6,0,NA,Cont,T7,1
PM207,NumFirst,F,76,6,0,NA,Cont,T8,1
PM207,NumFirst,F,76,6,0,NA,Num,T1,1
PM207,NumFirst,F,76,6,0,NA,Num,T2,0
PM207,NumFirst,F,76,6,0,NA,Num,T3,0
PM207,NumFirst,F,76,6,0,NA,Num,T4,0
PM207,NumFirst,F,76,6,0,NA,Num,T5,0
PM207,NumFirst,F,76,6,0,NA,Num,T6,0
PM207,NumFirst,F,76,6,0,NA,Num,T7,0
PM207,NumFirst,F,76,6,0,NA,Num,T8,0
PM208,NumFirst,M,53,4,0,NA,Cont,T1,1
PM208,NumFirst,M,53,4,0,NA,Cont,T2,1
PM208,NumFirst,M,53,4,0,NA,Cont,T3,1
PM208,NumFirst,M,53,4,0,NA,Cont,T4,0
PM208,NumFirst,M,53,4,0,NA,Cont,T5,0
PM208,NumFirst,M,53,4,0,NA,Cont,T6,1
PM208,NumFirst,M,53,4,0,NA,Cont,T7,1
PM208,NumFirst,M,53,4,0,NA,Cont,T8,0
PM208,NumFirst,M,53,4,0,NA,Num,T1,1
PM208,NumFirst,M,53,4,0,NA,Num,T2,1
PM208,NumFirst,M,53,4,0,NA,Num,T3,1
PM208,NumFirst,M,53,4,0,NA,Num,T4,1
PM208,NumFirst,M,53,4,0,NA,Num,T5,0
PM208,NumFirst,M,53,4,0,NA,Num,T6,0
PM208,NumFirst,M,53,4,0,NA,Num,T7,0
PM208,NumFirst,M,53,4,0,NA,Num,T8,0
PM209,NumFirst,F,48,4,0,NA,Cont,T1,1
PM209,NumFirst,F,48,4,0,NA,Cont,T2,1
PM209,NumFirst,F,48,4,0,NA,Cont,T3,1
PM209,NumFirst,F,48,4,0,NA,Cont,T4,1
PM209,NumFirst,F,48,4,0,NA,Cont,T5,1
PM209,NumFirst,F,48,4,0,NA,Cont,T6,1
PM209,NumFirst,F,48,4,0,NA,Cont,T7,1
PM209,NumFirst,F,48,4,0,NA,Cont,T8,1
PM209,NumFirst,F,48,4,0,NA,Num,T1,1
PM209,NumFirst,F,48,4,0,NA,Num,T2,1
PM209,NumFirst,F,48,4,0,NA,Num,T3,1
PM209,NumFirst,F,48,4,0,NA,Num,T4,1
PM209,NumFirst,F,48,4,0,NA,Num,T5,1
PM209,NumFirst,F,48,4,0,NA,Num,T6,1
PM209,NumFirst,F,48,4,0,NA,Num,T7,1
PM209,NumFirst,F,48,4,0,NA,Num,T8,1
PM210,ContFirst,F,52,4,0,NA,Cont,T1,0
PM210,ContFirst,F,52,4,0,NA,Cont,T2,0
PM210,ContFirst,F,52,4,0,NA,Cont,T3,0
PM210,ContFirst,F,52,4,0,NA,Cont,T4,0
PM210,ContFirst,F,52,4,0,NA,Cont,T5,1
PM210,ContFirst,F,52,4,0,NA,Cont,T6,1
PM210,ContFirst,F,52,4,0,NA,Cont,T7,1
PM210,ContFirst,F,52,4,0,NA,Cont,T8,0
PM210,ContFirst,F,52,4,0,NA,Num,T1,0
PM210,ContFirst,F,52,4,0,NA,Num,T2,0
PM210,ContFirst,F,52,4,0,NA,Num,T3,0
PM210,ContFirst,F,52,4,0,NA,Num,T4,0
PM210,ContFirst,F,52,4,0,NA,Num,T5,0
PM210,ContFirst,F,52,4,0,NA,Num,T6,0
PM210,ContFirst,F,52,4,0,NA,Num,T7,0
PM210,ContFirst,F,52,4,0,NA,Num,T8,0
PM211,ContFirst,M,76,6,0,NA,Cont,T1,0
PM211,ContFirst,M,76,6,0,NA,Cont,T2,1
PM211,ContFirst,M,76,6,0,NA,Cont,T3,1
PM211,ContFirst,M,76,6,0,NA,Cont,T4,1
PM211,ContFirst,M,76,6,0,NA,Cont,T5,1
PM211,ContFirst,M,76,6,0,NA,Cont,T6,1
PM211,ContFirst,M,76,6,0,NA,Cont,T7,1
PM211,ContFirst,M,76,6,0,NA,Cont,T8,1
PM211,ContFirst,M,76,6,0,NA,Num,T1,0
PM211,ContFirst,M,76,6,0,NA,Num,T2,0
PM211,ContFirst,M,76,6,0,NA,Num,T3,1
PM211,ContFirst,M,76,6,0,NA,Num,T4,0
PM211,ContFirst,M,76,6,0,NA,Num,T5,0
PM211,ContFirst,M,76,6,0,NA,Num,T6,1
PM211,ContFirst,M,76,6,0,NA,Num,T7,1
PM211,ContFirst,M,76,6,0,NA,Num,T8,1
PM212,ContFirst,M,63,5,0,NA,Cont,T1,1
PM212,ContFirst,M,63,5,0,NA,Cont,T2,1
PM212,ContFirst,M,63,5,0,NA,Cont,T3,0
PM212,ContFirst,M,63,5,0,NA,Cont,T4,1
PM212,ContFirst,M,63,5,0,NA,Cont,T5,0
PM212,ContFirst,M,63,5,0,NA,Cont,T6,0
PM212,ContFirst,M,63,5,0,NA,Cont,T7,1
PM212,ContFirst,M,63,5,0,NA,Cont,T8,0
PM212,ContFirst,M,63,5,0,NA,Num,T1,0
PM212,ContFirst,M,63,5,0,NA,Num,T2,0
PM212,ContFirst,M,63,5,0,NA,Num,T3,0
PM212,ContFirst,M,63,5,0,NA,Num,T4,0
PM212,ContFirst,M,63,5,0,NA,Num,T5,0
PM212,ContFirst,M,63,5,0,NA,Num,T6,0
PM212,ContFirst,M,63,5,0,NA,Num,T7,0
PM212,ContFirst,M,63,5,0,NA,Num,T8,0
PM213,ContFirst,M,69,5,0,NA,Cont,T1,0
PM213,ContFirst,M,69,5,0,NA,Cont,T2,1
PM213,ContFirst,M,69,5,0,NA,Cont,T3,1
PM213,ContFirst,M,69,5,0,NA,Cont,T4,1
PM213,ContFirst,M,69,5,0,NA,Cont,T5,1
PM213,ContFirst,M,69,5,0,NA,Cont,T6,1
PM213,ContFirst,M,69,5,0,NA,Cont,T7,1
PM213,ContFirst,M,69,5,0,NA,Cont,T8,1
PM213,ContFirst,M,69,5,0,NA,Num,T1,0
PM213,ContFirst,M,69,5,0,NA,Num,T2,0
PM213,ContFirst,M,69,5,0,NA,Num,T3,0
PM213,ContFirst,M,69,5,0,NA,Num,T4,0
PM213,ContFirst,M,69,5,0,NA,Num,T5,0
PM213,ContFirst,M,69,5,0,NA,Num,T6,0
PM213,ContFirst,M,69,5,0,NA,Num,T7,0
PM213,ContFirst,M,69,5,0,NA,Num,T8,0
PM214,NumFirst,M,78,6,0,NA,Cont,T1,0
PM214,NumFirst,M,78,6,0,NA,Cont,T2,0
PM214,NumFirst,M,78,6,0,NA,Cont,T3,0
PM214,NumFirst,M,78,6,0,NA,Cont,T4,1
PM214,NumFirst,M,78,6,0,NA,Cont,T5,1
PM214,NumFirst,M,78,6,0,NA,Cont,T6,1
PM214,NumFirst,M,78,6,0,NA,Cont,T7,1
PM214,NumFirst,M,78,6,0,NA,Cont,T8,1
PM214,NumFirst,M,78,6,0,NA,Num,T1,1
PM214,NumFirst,M,78,6,0,NA,Num,T2,0
PM214,NumFirst,M,78,6,0,NA,Num,T3,0
PM214,NumFirst,M,78,6,0,NA,Num,T4,0
PM214,NumFirst,M,78,6,0,NA,Num,T5,0
PM214,NumFirst,M,78,6,0,NA,Num,T6,0
PM214,NumFirst,M,78,6,0,NA,Num,T7,0
PM214,NumFirst,M,78,6,0,NA,Num,T8,1
PM215,ContFirst,F,74,6,0,NA,Cont,T1,0
PM215,ContFirst,F,74,6,0,NA,Cont,T2,0
PM215,ContFirst,F,74,6,0,NA,Cont,T3,0
PM215,ContFirst,F,74,6,0,NA,Cont,T4,0
PM215,ContFirst,F,74,6,0,NA,Cont,T5,1
PM215,ContFirst,F,74,6,0,NA,Cont,T6,0
PM215,ContFirst,F,74,6,0,NA,Cont,T7,0
PM215,ContFirst,F,74,6,0,NA,Cont,T8,0
PM215,ContFirst,F,74,6,0,NA,Num,T1,1
PM215,ContFirst,F,74,6,0,NA,Num,T2,0
PM215,ContFirst,F,74,6,0,NA,Num,T3,1
PM215,ContFirst,F,74,6,0,NA,Num,T4,1
PM215,ContFirst,F,74,6,0,NA,Num,T5,1
PM215,ContFirst,F,74,6,0,NA,Num,T6,1
PM215,ContFirst,F,74,6,0,NA,Num,T7,1
PM215,ContFirst,F,74,6,0,NA,Num,T8,1
PM216,ContFirst,F,62,5,0,NA,Cont,T1,1
PM216,ContFirst,F,62,5,0,NA,Cont,T2,1
PM216,ContFirst,F,62,5,0,NA,Cont,T3,1
PM216,ContFirst,F,62,5,0,NA,Cont,T4,1
PM216,ContFirst,F,62,5,0,NA,Cont,T5,1
PM216,ContFirst,F,62,5,0,NA,Cont,T6,1
PM216,ContFirst,F,62,5,0,NA,Cont,T7,1
PM216,ContFirst,F,62,5,0,NA,Cont,T8,1
PM216,ContFirst,F,62,5,0,NA,Num,T1,0
PM216,ContFirst,F,62,5,0,NA,Num,T2,1
PM216,ContFirst,F,62,5,0,NA,Num,T3,1
PM216,ContFirst,F,62,5,0,NA,Num,T4,1
PM216,ContFirst,F,62,5,0,NA,Num,T5,1
PM216,ContFirst,F,62,5,0,NA,Num,T6,1
PM216,ContFirst,F,62,5,0,NA,Num,T7,1
PM216,ContFirst,F,62,5,0,NA,Num,T8,1
PM217,NumFirst,F,76,6,0,NA,Cont,T1,1
PM217,NumFirst,F,76,6,0,NA,Cont,T2,0
PM217,NumFirst,F,76,6,0,NA,Cont,T3,0
PM217,NumFirst,F,76,6,0,NA,Cont,T4,0
PM217,NumFirst,F,76,6,0,NA,Cont,T5,0
PM217,NumFirst,F,76,6,0,NA,Cont,T6,0
PM217,NumFirst,F,76,6,0,NA,Cont,T7,0
PM217,NumFirst,F,76,6,0,NA,Cont,T8,0
PM217,NumFirst,F,76,6,0,NA,Num,T1,0
PM217,NumFirst,F,76,6,0,NA,Num,T2,0
PM217,NumFirst,F,76,6,0,NA,Num,T3,0
PM217,NumFirst,F,76,6,0,NA,Num,T4,0
PM217,NumFirst,F,76,6,0,NA,Num,T5,0
PM217,NumFirst,F,76,6,0,NA,Num,T6,0
PM217,NumFirst,F,76,6,0,NA,Num,T7,0
PM217,NumFirst,F,76,6,0,NA,Num,T8,0
PM218,ContFirst,F,54,4,0,NA,Cont,T1,1
PM218,ContFirst,F,54,4,0,NA,Cont,T2,0
PM218,ContFirst,F,54,4,0,NA,Cont,T3,1
PM218,ContFirst,F,54,4,0,NA,Cont,T4,0
PM218,ContFirst,F,54,4,0,NA,Cont,T5,1
PM218,ContFirst,F,54,4,0,NA,Cont,T6,0
PM218,ContFirst,F,54,4,0,NA,Cont,T7,1
PM218,ContFirst,F,54,4,0,NA,Cont,T8,1
PM218,ContFirst,F,54,4,0,NA,Num,T1,0
PM218,ContFirst,F,54,4,0,NA,Num,T2,0
PM218,ContFirst,F,54,4,0,NA,Num,T3,0
PM218,ContFirst,F,54,4,0,NA,Num,T4,0
PM218,ContFirst,F,54,4,0,NA,Num,T5,0
PM218,ContFirst,F,54,4,0,NA,Num,T6,0
PM218,ContFirst,F,54,4,0,NA,Num,T7,0
PM218,ContFirst,F,54,4,0,NA,Num,T8,0
PM219,ContFirst,M,74,6,0,NA,Cont,T1,1
PM219,ContFirst,M,74,6,0,NA,Cont,T2,1
PM219,ContFirst,M,74,6,0,NA,Cont,T3,1
PM219,ContFirst,M,74,6,0,NA,Cont,T4,1
PM219,ContFirst,M,74,6,0,NA,Cont,T5,1
PM219,ContFirst,M,74,6,0,NA,Cont,T6,1
PM219,ContFirst,M,74,6,0,NA,Cont,T7,1
PM219,ContFirst,M,74,6,0,NA,Cont,T8,1
PM219,ContFirst,M,74,6,0,NA,Num,T1,0
PM219,ContFirst,M,74,6,0,NA,Num,T2,0
PM219,ContFirst,M,74,6,0,NA,Num,T3,0
PM219,ContFirst,M,74,6,0,NA,Num,T4,1
PM219,ContFirst,M,74,6,0,NA,Num,T5,1
PM219,ContFirst,M,74,6,0,NA,Num,T6,0
PM219,ContFirst,M,74,6,0,NA,Num,T7,0
PM219,ContFirst,M,74,6,0,NA,Num,T8,0
PM220,ContFirst,M,73,6,0,NA,Cont,T1,1
PM220,ContFirst,M,73,6,0,NA,Cont,T2,1
PM220,ContFirst,M,73,6,0,NA,Cont,T3,1
PM220,ContFirst,M,73,6,0,NA,Cont,T4,1
PM220,ContFirst,M,73,6,0,NA,Cont,T5,1
PM220,ContFirst,M,73,6,0,NA,Cont,T6,1
PM220,ContFirst,M,73,6,0,NA,Cont,T7,1
PM220,ContFirst,M,73,6,0,NA,Cont,T8,1
PM220,ContFirst,M,73,6,0,NA,Num,T1,1
PM220,ContFirst,M,73,6,0,NA,Num,T2,0
PM220,ContFirst,M,73,6,0,NA,Num,T3,1
PM220,ContFirst,M,73,6,0,NA,Num,T4,1
PM220,ContFirst,M,73,6,0,NA,Num,T5,1
PM220,ContFirst,M,73,6,0,NA,Num,T6,1
PM220,ContFirst,M,73,6,0,NA,Num,T7,1
PM220,ContFirst,M,73,6,0,NA,Num,T8,1
PM221,ContFirst,M,79,6,0,NA,Cont,T1,1
PM221,ContFirst,M,79,6,0,NA,Cont,T2,0
PM221,ContFirst,M,79,6,0,NA,Cont,T3,0
PM221,ContFirst,M,79,6,0,NA,Cont,T4,0
PM221,ContFirst,M,79,6,0,NA,Cont,T5,0
PM221,ContFirst,M,79,6,0,NA,Cont,T6,0
PM221,ContFirst,M,79,6,0,NA,Cont,T7,0
PM221,ContFirst,M,79,6,0,NA,Cont,T8,1
PM221,ContFirst,M,79,6,0,NA,Num,T1,0
PM221,ContFirst,M,79,6,0,NA,Num,T2,0
PM221,ContFirst,M,79,6,0,NA,Num,T3,0
PM221,ContFirst,M,79,6,0,NA,Num,T4,0
PM221,ContFirst,M,79,6,0,NA,Num,T5,0
PM221,ContFirst,M,79,6,0,NA,Num,T6,0
PM221,ContFirst,M,79,6,0,NA,Num,T7,0
PM221,ContFirst,M,79,6,0,NA,Num,T8,0
PM222,NumFirst,F,82,6,0,NA,Cont,T1,1
PM222,NumFirst,F,82,6,0,NA,Cont,T2,1
PM222,NumFirst,F,82,6,0,NA,Cont,T3,1
PM222,NumFirst,F,82,6,0,NA,Cont,T4,1
PM222,NumFirst,F,82,6,0,NA,Cont,T5,1
PM222,NumFirst,F,82,6,0,NA,Cont,T6,1
PM222,NumFirst,F,82,6,0,NA,Cont,T7,1
PM222,NumFirst,F,82,6,0,NA,Cont,T8,1
PM222,NumFirst,F,82,6,0,NA,Num,T1,1
PM222,NumFirst,F,82,6,0,NA,Num,T2,1
PM222,NumFirst,F,82,6,0,NA,Num,T3,1
PM222,NumFirst,F,82,6,0,NA,Num,T4,1
PM222,NumFirst,F,82,6,0,NA,Num,T5,1
PM222,NumFirst,F,82,6,0,NA,Num,T6,1
PM222,NumFirst,F,82,6,0,NA,Num,T7,1
PM222,NumFirst,F,82,6,0,NA,Num,T8,1
